V$ELK1_02,V$HMGIY_Q6,3.255553492,NM_001129835-CACNA1C-promotor,CACNA1C,V$ELK1_02V$HMGIY_Q6
V$CETS1P54_01,V$DR3_Q4,3.149081274,NM_001129835-CACNA1C-promotor,CACNA1C,V$CETS1P54_01V$DR3_Q4
V$CREL_01,V$SF1_Q6,3.259598657,NM_001129835-CACNA1C-promotor,CACNA1C,V$CREL_01V$SF1_Q6
V$CEBPA_01,V$ETS_Q4,3.146141657,NM_001129835-CACNA1C-promotor,CACNA1C,V$CEBPA_01V$ETS_Q4
V$AP1FJ_Q2,V$CP2_02,3.768507522,NM_001129835-CACNA1C-promotor,CACNA1C,V$AP1FJ_Q2V$CP2_02
V$NF1_Q6,V$SMAD3_Q6,3.064357068,NM_001129835-CACNA1C-promotor,CACNA1C,V$NF1_Q6V$SMAD3_Q6
V$AP1_C,V$AP1_Q2_01,3.193193952,NM_001129835-CACNA1C-promotor,CACNA1C,V$AP1_CV$AP1_Q2_01
V$CEBP_Q3,V$GRE_C,3.643753794,NM_001129835-CACNA1C-promotor,CACNA1C,V$CEBP_Q3V$GRE_C
V$GRE_C,V$MAF_Q6_01,3.345160581,NM_001129835-CACNA1C-promotor,CACNA1C,V$GRE_CV$MAF_Q6_01
V$MYB_Q3,V$STAT_01,4.45596551,NM_001129835-CACNA1C-promotor,CACNA1C,V$MYB_Q3V$STAT_01
V$MYCMAX_B,V$SMAD3_Q6,5.535472657,NM_001129835-CACNA1C-promotor,CACNA1C,V$MYCMAX_BV$SMAD3_Q6
V$MYCMAX_B,V$SMAD_Q6_01,3.640908008,NM_001129835-CACNA1C-promotor,CACNA1C,V$MYCMAX_BV$SMAD_Q6_01
V$MYCMAX_B,V$PEBP_Q6,3.545314224,NM_001129835-CACNA1C-promotor,CACNA1C,V$MYCMAX_BV$PEBP_Q6
V$CREB_Q3,V$SOX9_B1,3.000459381,NM_001129835-CACNA1C-promotor,CACNA1C,V$CREB_Q3V$SOX9_B1
V$MYB_Q5_01,V$STAT6_01,3.399051385,NM_001129835-CACNA1C-promotor,CACNA1C,V$MYB_Q5_01V$STAT6_01
V$DR3_Q4,V$STAT6_01,3.026242451,NM_001129835-CACNA1C-promotor,CACNA1C,V$DR3_Q4V$STAT6_01
V$HMGIY_Q6,V$PU1_Q6,3.263329929,NM_001129835-CACNA1C-promotor,CACNA1C,V$HMGIY_Q6V$PU1_Q6
V$ETS_Q6,V$PU1_Q6,4.579549859,NM_001129835-CACNA1C-promotor,CACNA1C,V$ETS_Q6V$PU1_Q6
V$DR1_Q3,V$SMAD3_Q6,3.699773827,NM_001129835-CACNA1C-promotor,CACNA1C,V$DR1_Q3V$SMAD3_Q6
V$NF1_Q6_01,V$SMAD3_Q6,3.924666256,NM_001129835-CACNA1C-promotor,CACNA1C,V$NF1_Q6_01V$SMAD3_Q6
V$CETS168_Q6,V$STAT_Q6,3.72651889,NM_001129835-CACNA1C-promotor,CACNA1C,V$CETS168_Q6V$STAT_Q6
V$ETS_Q4,V$STAT_Q6,3.036126166,NM_001129835-CACNA1C-promotor,CACNA1C,V$ETS_Q4V$STAT_Q6
V$E2A_Q6,V$NF1_Q6_01,3.108531632,NM_001129835-CACNA1C-promotor,CACNA1C,V$E2A_Q6V$NF1_Q6_01
V$E2F_Q3_01,V$PEBP_Q6,3.12701018,NM_001129835-CACNA1C-promotor,CACNA1C,V$E2F_Q3_01V$PEBP_Q6
V$AP1_Q2_01,V$AP1_Q4_01,3.261447489,NM_001129835-CACNA1C-promotor,CACNA1C,V$AP1_Q2_01V$AP1_Q4_01
V$NFAT_Q4_01,V$PEBP_Q6,3.332076667,NM_001129835-CACNA1C-promotor,CACNA1C,V$NFAT_Q4_01V$PEBP_Q6
V$ETS_Q6,V$SMAD_Q6_01,3.362005819,NM_001129835-CACNA1C-promotor,CACNA1C,V$ETS_Q6V$SMAD_Q6_01
V$ETS_Q6,V$PEBP_Q6,3.508468618,NM_001129835-CACNA1C-promotor,CACNA1C,V$ETS_Q6V$PEBP_Q6
V$MAF_Q6_01,V$SMAD_Q6_01,3.194116605,NM_001129835-CACNA1C-promotor,CACNA1C,V$MAF_Q6_01V$SMAD_Q6_01
V$ELK1_02,V$NF1_Q6,3.595963259,NM_001144944-MYL12B-promotor,MYL12B,V$ELK1_02V$NF1_Q6
V$ELK1_02,V$NF1_Q6_01,3.401412037,NM_001144944-MYL12B-promotor,MYL12B,V$ELK1_02V$NF1_Q6_01
V$ELK1_02,V$MAF_Q6_01,3.909504683,NM_001144944-MYL12B-promotor,MYL12B,V$ELK1_02V$MAF_Q6_01
V$CETS1P54_01,V$NF1_Q6,3.62790086,NM_001144944-MYL12B-promotor,MYL12B,V$CETS1P54_01V$NF1_Q6
V$CEBP_Q3,V$CETS1P54_01,3.752967922,NM_001144944-MYL12B-promotor,MYL12B,V$CEBP_Q3V$CETS1P54_01
V$CETS1P54_01,V$ETS_Q4,3.25890222,NM_001144944-MYL12B-promotor,MYL12B,V$CETS1P54_01V$ETS_Q4
V$CETS1P54_01,V$NF1_Q6_01,3.352354817,NM_001144944-MYL12B-promotor,MYL12B,V$CETS1P54_01V$NF1_Q6_01
V$ER_Q6,V$SF1_Q6,3.123970204,NM_001144944-MYL12B-promotor,MYL12B,V$ER_Q6V$SF1_Q6
V$ER_Q6,V$MYB_Q5_01,4.740298962,NM_001144944-MYL12B-promotor,MYL12B,V$ER_Q6V$MYB_Q5_01
V$EFC_Q6,V$GRE_C,3.348126379,NM_001144944-MYL12B-promotor,MYL12B,V$EFC_Q6V$GRE_C
V$ETS_Q4,V$GRE_C,3.047897822,NM_001144944-MYL12B-promotor,MYL12B,V$ETS_Q4V$GRE_C
V$GRE_C,V$NFKB_Q6_01,3.588861086,NM_001144944-MYL12B-promotor,MYL12B,V$GRE_CV$NFKB_Q6_01
V$GRE_C,V$SREBP_Q3,3.058421483,NM_001144944-MYL12B-promotor,MYL12B,V$GRE_CV$SREBP_Q3
V$E2A_Q2,V$GRE_C,3.348649011,NM_001144944-MYL12B-promotor,MYL12B,V$E2A_Q2V$GRE_C
V$DR1_Q3,V$USF_C,3.399692989,NM_001144944-MYL12B-promotor,MYL12B,V$DR1_Q3V$USF_C
V$MYCMAX_B,V$PR_Q2,3.06894481,NM_001144944-MYL12B-promotor,MYL12B,V$MYCMAX_BV$PR_Q2
V$ETS_Q6,V$MYCMAX_B,3.514296042,NM_001144944-MYL12B-promotor,MYL12B,V$ETS_Q6V$MYCMAX_B
V$EFC_Q6,V$HIF1_Q5,3.28206559,NM_001144944-MYL12B-promotor,MYL12B,V$EFC_Q6V$HIF1_Q5
V$MYB_Q5_01,V$PPARA_02,3.661576384,NM_001144944-MYL12B-promotor,MYL12B,V$MYB_Q5_01V$PPARA_02
V$ER_Q6_02,V$SMAD3_Q6,3.893070818,NM_001144944-MYL12B-promotor,MYL12B,V$ER_Q6_02V$SMAD3_Q6
V$ELF1_Q6,V$NFY_Q6_01,3.139572263,NM_001144944-MYL12B-promotor,MYL12B,V$ELF1_Q6V$NFY_Q6_01
V$CEBP_Q3,V$ETS_Q6,3.732294114,NM_001144944-MYL12B-promotor,MYL12B,V$CEBP_Q3V$ETS_Q6
V$CEBP_Q3,V$MAF_Q6_01,3.661875758,NM_001144944-MYL12B-promotor,MYL12B,V$CEBP_Q3V$MAF_Q6_01
V$ETS_Q4,V$HNF4_Q6,3.991816989,NM_001144944-MYL12B-promotor,MYL12B,V$ETS_Q4V$HNF4_Q6
V$ETS_Q4,V$ETS_Q6,3.242884965,NM_001144944-MYL12B-promotor,MYL12B,V$ETS_Q4V$ETS_Q6
V$CREB_Q3,V$NF1_Q6_01,3.034489099,NM_001144944-MYL12B-promotor,MYL12B,V$CREB_Q3V$NF1_Q6_01
V$E2F_Q3_01,V$ER_Q6_02,3.31745243,NM_001144944-MYL12B-promotor,MYL12B,V$E2F_Q3_01V$ER_Q6_02
V$PEBP_Q6,V$PR_Q2,3.67041058,NM_001144944-MYL12B-promotor,MYL12B,V$PEBP_Q6V$PR_Q2
V$CMYB_01,V$DR3_Q4,3.177538787,NM_001167624-CACNA1C-promotor,CACNA1C,V$CMYB_01V$DR3_Q4
V$CREL_01,V$SF1_Q6,3.304455594,NM_001167624-CACNA1C-promotor,CACNA1C,V$CREL_01V$SF1_Q6
V$AP1FJ_Q2,V$CP2_02,3.399716342,NM_001167624-CACNA1C-promotor,CACNA1C,V$AP1FJ_Q2V$CP2_02
V$NFKB_Q6,V$SF1_Q6,3.184831127,NM_001167624-CACNA1C-promotor,CACNA1C,V$NFKB_Q6V$SF1_Q6
V$MYB_Q3,V$STAT_01,3.759442123,NM_001167624-CACNA1C-promotor,CACNA1C,V$MYB_Q3V$STAT_01
V$MYCMAX_B,V$SMAD3_Q6,6.621142507,NM_001167624-CACNA1C-promotor,CACNA1C,V$MYCMAX_BV$SMAD3_Q6
V$DR1_Q3,V$MYCMAX_B,3.15688444,NM_001167624-CACNA1C-promotor,CACNA1C,V$DR1_Q3V$MYCMAX_B
V$MYCMAX_B,V$SMAD_Q6_01,4.183040445,NM_001167624-CACNA1C-promotor,CACNA1C,V$MYCMAX_BV$SMAD_Q6_01
V$MYCMAX_B,V$PEBP_Q6,3.161818853,NM_001167624-CACNA1C-promotor,CACNA1C,V$MYCMAX_BV$PEBP_Q6
V$MYB_Q5_01,V$STAT6_01,3.038502513,NM_001167624-CACNA1C-promotor,CACNA1C,V$MYB_Q5_01V$STAT6_01
V$DR3_Q4,V$STAT6_01,4.062093427,NM_001167624-CACNA1C-promotor,CACNA1C,V$DR3_Q4V$STAT6_01
V$MYB_Q5_01,V$PU1_Q6,3.118220092,NM_001167624-CACNA1C-promotor,CACNA1C,V$MYB_Q5_01V$PU1_Q6
V$ETS_Q6,V$PU1_Q6,6.026816135,NM_001167624-CACNA1C-promotor,CACNA1C,V$ETS_Q6V$PU1_Q6
V$NF1_Q6_01,V$SMAD3_Q6,3.988730547,NM_001167624-CACNA1C-promotor,CACNA1C,V$NF1_Q6_01V$SMAD3_Q6
V$CETS168_Q6,V$STAT_Q6,3.935020062,NM_001167624-CACNA1C-promotor,CACNA1C,V$CETS168_Q6V$STAT_Q6
V$ETS_Q6,V$HMGIY_Q6,3.962377905,NM_001167624-CACNA1C-promotor,CACNA1C,V$ETS_Q6V$HMGIY_Q6
V$ETS_Q4,V$MYB_Q5_01,3.117223487,NM_001167624-CACNA1C-promotor,CACNA1C,V$ETS_Q4V$MYB_Q5_01
V$AP1_Q4_01,V$NFKB_Q6_01,3.173915156,NM_001167624-CACNA1C-promotor,CACNA1C,V$AP1_Q4_01V$NFKB_Q6_01
V$NFKB_Q6_01,V$PEBP_Q6,3.892307692,NM_001167624-CACNA1C-promotor,CACNA1C,V$NFKB_Q6_01V$PEBP_Q6
V$E2A_Q6,V$NF1_Q6_01,3.340123578,NM_001167624-CACNA1C-promotor,CACNA1C,V$E2A_Q6V$NF1_Q6_01
V$NFAT_Q4_01,V$PR_Q2,3.020154899,NM_001167624-CACNA1C-promotor,CACNA1C,V$NFAT_Q4_01V$PR_Q2
V$NFAT_Q4_01,V$SMAD_Q6_01,3.076250742,NM_001167624-CACNA1C-promotor,CACNA1C,V$NFAT_Q4_01V$SMAD_Q6_01
V$NFAT_Q4_01,V$PEBP_Q6,3.407572107,NM_001167624-CACNA1C-promotor,CACNA1C,V$NFAT_Q4_01V$PEBP_Q6
V$ETS_Q6,V$SMAD_Q6_01,4.091581052,NM_001167624-CACNA1C-promotor,CACNA1C,V$ETS_Q6V$SMAD_Q6_01
V$ETS_Q6,V$PEBP_Q6,3.110227436,NM_001167624-CACNA1C-promotor,CACNA1C,V$ETS_Q6V$PEBP_Q6
V$MAF_Q6_01,V$SMAD_Q6_01,3.287604474,NM_001167624-CACNA1C-promotor,CACNA1C,V$MAF_Q6_01V$SMAD_Q6_01
V$ELK1_02,V$VMYB_01,3.041119143,NM_001195798-LDLR-promotor,LDLR,V$ELK1_02V$VMYB_01
V$SF1_Q6,V$SP1_01,3.331489091,NM_001195798-LDLR-promotor,LDLR,V$SF1_Q6V$SP1_01
V$SMAD_Q6_01,V$SP1_01,3.426089187,NM_001195798-LDLR-promotor,LDLR,V$SMAD_Q6_01V$SP1_01
V$AML_Q6,V$CETS1P54_01,3.376779959,NM_001195798-LDLR-promotor,LDLR,V$AML_Q6V$CETS1P54_01
V$CETS1P54_01,V$FOX_Q2,3.001136037,NM_001195798-LDLR-promotor,LDLR,V$CETS1P54_01V$FOX_Q2
V$CREBP1CJUN_01,V$USF_Q6_01,3.063811948,NM_001195798-LDLR-promotor,LDLR,V$CREBP1CJUN_01V$USF_Q6_01
V$AP1_01,V$NFKAPPAB65_01,3.308501129,NM_001195798-LDLR-promotor,LDLR,V$AP1_01V$NFKAPPAB65_01
V$CREL_01,V$STAT_01,3.054317535,NM_001195798-LDLR-promotor,LDLR,V$CREL_01V$STAT_01
V$CEBPB_01,V$PIT1_Q6,3.09709822,NM_001195798-LDLR-promotor,LDLR,V$CEBPB_01V$PIT1_Q6
V$COUP_01,V$NF1_Q6,3.04308604,NM_001195798-LDLR-promotor,LDLR,V$COUP_01V$NF1_Q6
V$AP1FJ_Q2,V$STAT6_01,3.594659405,NM_001195798-LDLR-promotor,LDLR,V$AP1FJ_Q2V$STAT6_01
V$AP1FJ_Q2,V$STAT_Q6,3.565325804,NM_001195798-LDLR-promotor,LDLR,V$AP1FJ_Q2V$STAT_Q6
V$AP1_Q2,V$STAT6_01,3.791297233,NM_001195798-LDLR-promotor,LDLR,V$AP1_Q2V$STAT6_01
V$AP1_Q2,V$STAT_Q6,3.465649092,NM_001195798-LDLR-promotor,LDLR,V$AP1_Q2V$STAT_Q6
V$GATA_Q6,V$NFKB_Q6,3.69478094,NM_001195798-LDLR-promotor,LDLR,V$GATA_Q6V$NFKB_Q6
V$AP1_Q2_01,V$NFKB_Q6,3.598649728,NM_001195798-LDLR-promotor,LDLR,V$AP1_Q2_01V$NFKB_Q6
V$OCT1_Q6,V$PIT1_Q6,3.767614114,NM_001195798-LDLR-promotor,LDLR,V$OCT1_Q6V$PIT1_Q6
V$GRE_C,V$STAT_01,3.103845584,NM_001195798-LDLR-promotor,LDLR,V$GRE_CV$STAT_01
V$GRE_C,V$OSF2_Q6,3.172435455,NM_001195798-LDLR-promotor,LDLR,V$GRE_CV$OSF2_Q6
V$AML_Q6,V$GRE_C,3.32505301,NM_001195798-LDLR-promotor,LDLR,V$AML_Q6V$GRE_C
V$CREB_Q3,V$STAT6_01,4.771830659,NM_001195798-LDLR-promotor,LDLR,V$CREB_Q3V$STAT6_01
V$AP1_Q2_01,V$STAT6_01,3.249677986,NM_001195798-LDLR-promotor,LDLR,V$AP1_Q2_01V$STAT6_01
V$AP1_Q4_01,V$STAT6_01,4.042153761,NM_001195798-LDLR-promotor,LDLR,V$AP1_Q4_01V$STAT6_01
V$AP1_Q4_01,V$PU1_Q6,3.246158656,NM_001195798-LDLR-promotor,LDLR,V$AP1_Q4_01V$PU1_Q6
V$EBF_Q6,V$SMAD3_Q6,3.755760528,NM_001195798-LDLR-promotor,LDLR,V$EBF_Q6V$SMAD3_Q6
V$SF1_Q6,V$SMAD_Q6_01,3.166416667,NM_001195798-LDLR-promotor,LDLR,V$SF1_Q6V$SMAD_Q6_01
V$ELF1_Q6,V$PIT1_Q6,3.112072355,NM_001195798-LDLR-promotor,LDLR,V$ELF1_Q6V$PIT1_Q6
V$ETS_Q4,V$MYB_Q3,3.12447706,NM_001195798-LDLR-promotor,LDLR,V$ETS_Q4V$MYB_Q3
V$GATA_Q6,V$NFKB_Q6_01,4.485687394,NM_001195798-LDLR-promotor,LDLR,V$GATA_Q6V$NFKB_Q6_01
V$AP1_Q4_01,V$STAT_Q6,3.161204094,NM_001195798-LDLR-promotor,LDLR,V$AP1_Q4_01V$STAT_Q6
V$GATA_Q6,V$HNF4_Q6,3.06728115,NM_001195798-LDLR-promotor,LDLR,V$GATA_Q6V$HNF4_Q6
V$NFAT_Q4_01,V$PEBP_Q6,3.299828545,NM_001195798-LDLR-promotor,LDLR,V$NFAT_Q4_01V$PEBP_Q6
V$MYOD_01,V$NF1_Q6,3.32663934,NM_002662-PLD1-promotor,PLD1,V$MYOD_01V$NF1_Q6
V$CMYB_01,V$ELK1_02,3.634703113,NM_002662-PLD1-promotor,PLD1,V$CMYB_01V$ELK1_02
V$CMYB_01,V$PU1_Q6,3.194067497,NM_002662-PLD1-promotor,PLD1,V$CMYB_01V$PU1_Q6
V$ELK1_02,V$GR_Q6_01,3.073678884,NM_002662-PLD1-promotor,PLD1,V$ELK1_02V$GR_Q6_01
V$CETS1P54_01,V$DR1_Q3,3.043894338,NM_002662-PLD1-promotor,PLD1,V$CETS1P54_01V$DR1_Q3
V$CREBP1CJUN_01,V$NF1_Q6,3.100343451,NM_002662-PLD1-promotor,PLD1,V$CREBP1CJUN_01V$NF1_Q6
V$EBF_Q6,V$NFKAPPAB65_01,3.211207211,NM_002662-PLD1-promotor,PLD1,V$EBF_Q6V$NFKAPPAB65_01
V$CREL_01,V$PEBP_Q6,3.125824589,NM_002662-PLD1-promotor,PLD1,V$CREL_01V$PEBP_Q6
V$CREB_Q2,V$NFKAPPAB_01,3.333564587,NM_002662-PLD1-promotor,PLD1,V$CREB_Q2V$NFKAPPAB_01
V$CEBP_Q2_01,V$CP2_01,3.113512418,NM_002662-PLD1-promotor,PLD1,V$CEBP_Q2_01V$CP2_01
V$CEBPA_01,V$COUP_01,3.137513407,NM_002662-PLD1-promotor,PLD1,V$CEBPA_01V$COUP_01
V$AP1FJ_Q2,V$MYCMAX_B,3.702744391,NM_002662-PLD1-promotor,PLD1,V$AP1FJ_Q2V$MYCMAX_B
V$ER_Q6,V$PPARA_02,3.574569256,NM_002662-PLD1-promotor,PLD1,V$ER_Q6V$PPARA_02
V$HIF1_Q5,V$NF1_Q6,3.35664411,NM_002662-PLD1-promotor,PLD1,V$HIF1_Q5V$NF1_Q6
V$E2F_Q3_01,V$GRE_C,3.821716841,NM_002662-PLD1-promotor,PLD1,V$E2F_Q3_01V$GRE_C
V$GRE_C,V$GR_Q6_01,3.100071174,NM_002662-PLD1-promotor,PLD1,V$GRE_CV$GR_Q6_01
V$GRE_C,V$MAF_Q6_01,3.547383109,NM_002662-PLD1-promotor,PLD1,V$GRE_CV$MAF_Q6_01
V$E2A_Q6,V$MYCMAX_B,4.906139018,NM_002662-PLD1-promotor,PLD1,V$E2A_Q6V$MYCMAX_B
V$MAF_Q6_01,V$MYCMAX_B,3.65746198,NM_002662-PLD1-promotor,PLD1,V$MAF_Q6_01V$MYCMAX_B
V$E2F1_Q4,V$SMAD_Q6_01,3.053521058,NM_002662-PLD1-promotor,PLD1,V$E2F1_Q4V$SMAD_Q6_01
V$E2F_03,V$HIF1_Q5,3.033284434,NM_002662-PLD1-promotor,PLD1,V$E2F_03V$HIF1_Q5
V$GR_Q6_01,V$PPARA_02,3.3515527,NM_002662-PLD1-promotor,PLD1,V$GR_Q6_01V$PPARA_02
V$ETS_Q6,V$PU1_Q6,3.556410206,NM_002662-PLD1-promotor,PLD1,V$ETS_Q6V$PU1_Q6
V$E2F_Q3_01,V$SMAD3_Q6,3.059556372,NM_002662-PLD1-promotor,PLD1,V$E2F_Q3_01V$SMAD3_Q6
V$CETS168_Q6,V$CP2_02,4.464764102,NM_002662-PLD1-promotor,PLD1,V$CETS168_Q6V$CP2_02
V$DR1_Q3,V$PEBP_Q6,3.831879192,NM_002662-PLD1-promotor,PLD1,V$DR1_Q3V$PEBP_Q6
V$ETS_Q4,V$PR_Q2,3.272843378,NM_002662-PLD1-promotor,PLD1,V$ETS_Q4V$PR_Q2
V$ETS_Q4,V$ETS_Q6,3.878126321,NM_002662-PLD1-promotor,PLD1,V$ETS_Q4V$ETS_Q6
V$IRF_Q6,V$PEBP_Q6,3.196427256,NM_002662-PLD1-promotor,PLD1,V$IRF_Q6V$PEBP_Q6
V$E2A_Q2,V$HNF4_Q6,3.282645531,NM_002662-PLD1-promotor,PLD1,V$E2A_Q2V$HNF4_Q6
V$E2A_Q2,V$SMAD_Q6_01,3.690912326,NM_002662-PLD1-promotor,PLD1,V$E2A_Q2V$SMAD_Q6_01
V$AHRHIF_Q6,V$NF1_Q6_01,4.411608563,NM_002662-PLD1-promotor,PLD1,V$AHRHIF_Q6V$NF1_Q6_01
V$AP1_Q2_01,V$IRF_Q6_01,3.288380951,NM_002662-PLD1-promotor,PLD1,V$AP1_Q2_01V$IRF_Q6_01
V$E2A_Q6,V$HNF4_Q6,3.113022931,NM_002662-PLD1-promotor,PLD1,V$E2A_Q6V$HNF4_Q6
V$E2A_Q6,V$SMAD_Q6_01,4.057556854,NM_002662-PLD1-promotor,PLD1,V$E2A_Q6V$SMAD_Q6_01
V$AP1FJ_Q2,V$CETS1P54_01,3.497388736,NM_005877-SF3A1-promotor,SF3A1,V$AP1FJ_Q2V$CETS1P54_01
V$CETS1P54_01,V$MYCMAX_B,3.219479377,NM_005877-SF3A1-promotor,SF3A1,V$CETS1P54_01V$MYCMAX_B
V$CREL_01,V$NFKAPPAB65_01,3.544637317,NM_005877-SF3A1-promotor,SF3A1,V$CREL_01V$NFKAPPAB65_01
V$CP2_02,V$CREL_01,3.095727897,NM_005877-SF3A1-promotor,SF3A1,V$CP2_02V$CREL_01
V$CP2_01,V$GR_Q6,3.168661691,NM_005877-SF3A1-promotor,SF3A1,V$CP2_01V$GR_Q6
V$CEBPA_01,V$MYCMAX_B,3.221368625,NM_005877-SF3A1-promotor,SF3A1,V$CEBPA_01V$MYCMAX_B
V$CEBPA_01,V$ER_Q6_02,3.050069601,NM_005877-SF3A1-promotor,SF3A1,V$CEBPA_01V$ER_Q6_02
V$AP1FJ_Q2,V$NFKB_Q6,3.48039302,NM_005877-SF3A1-promotor,SF3A1,V$AP1FJ_Q2V$NFKB_Q6
V$AP1FJ_Q2,V$ETS_Q6,3.56362223,NM_005877-SF3A1-promotor,SF3A1,V$AP1FJ_Q2V$ETS_Q6
V$AP1_Q2,V$E2F_Q4_01,3.001053929,NM_005877-SF3A1-promotor,SF3A1,V$AP1_Q2V$E2F_Q4_01
V$ER_Q6,V$LEF1TCF1_Q4,3.052025837,NM_005877-SF3A1-promotor,SF3A1,V$ER_Q6V$LEF1TCF1_Q4
V$MAF_Q6_01,V$NFKB_Q6,3.580495666,NM_005877-SF3A1-promotor,SF3A1,V$MAF_Q6_01V$NFKB_Q6
V$MYB_Q5_01,V$MYCMAX_B,3.121334751,NM_005877-SF3A1-promotor,SF3A1,V$MYB_Q5_01V$MYCMAX_B
V$ETS1_B,V$MAF_Q6_01,4.262112446,NM_005877-SF3A1-promotor,SF3A1,V$ETS1_BV$MAF_Q6_01
V$PPARA_02,V$SOX9_B1,4.399246198,NM_005877-SF3A1-promotor,SF3A1,V$PPARA_02V$SOX9_B1
V$ETS_Q4,V$MAF_Q6_01,3.696665311,NM_005877-SF3A1-promotor,SF3A1,V$ETS_Q4V$MAF_Q6_01
V$CEBP_Q2_01,V$ER_Q6_02,3.043699017,NM_005877-SF3A1-promotor,SF3A1,V$CEBP_Q2_01V$ER_Q6_02
V$AP1_Q2_01,V$PEBP_Q6,3.261968032,NM_005877-SF3A1-promotor,SF3A1,V$AP1_Q2_01V$PEBP_Q6
V$MAF_Q6_01,V$SP1_Q4_01,3.154206982,NM_005877-SF3A1-promotor,SF3A1,V$MAF_Q6_01V$SP1_Q4_01
V$CP2_02,V$PEBP_Q6,3.269593906,NM_005877-SF3A1-promotor,SF3A1,V$CP2_02V$PEBP_Q6
V$ETS_Q6,V$MAF_Q6_01,3.703530644,NM_005877-SF3A1-promotor,SF3A1,V$ETS_Q6V$MAF_Q6_01
V$MAF_Q6_01,V$PEBP_Q6,3.459501654,NM_005877-SF3A1-promotor,SF3A1,V$MAF_Q6_01V$PEBP_Q6
V$CMYB_01,V$NF1_Q6,3.950124676,NM_031954-KCTD10-promotor,KCTD10,V$CMYB_01V$NF1_Q6
V$CMYB_01,V$PU1_Q6,3.309899316,NM_031954-KCTD10-promotor,KCTD10,V$CMYB_01V$PU1_Q6
V$CMYB_01,V$NF1_Q6_01,3.818036072,NM_031954-KCTD10-promotor,KCTD10,V$CMYB_01V$NF1_Q6_01
V$CMYB_01,V$GR_Q6_01,3.692697723,NM_031954-KCTD10-promotor,KCTD10,V$CMYB_01V$GR_Q6_01
V$ELK1_02,V$ETS_Q4,3.230611687,NM_031954-KCTD10-promotor,KCTD10,V$ELK1_02V$ETS_Q4
V$ELK1_02,V$SMAD_Q6_01,3.300878754,NM_031954-KCTD10-promotor,KCTD10,V$ELK1_02V$SMAD_Q6_01
V$CETS1P54_01,V$GRE_C,3.524440596,NM_031954-KCTD10-promotor,KCTD10,V$CETS1P54_01V$GRE_C
V$CETS1P54_01,V$PU1_Q6,5.792253991,NM_031954-KCTD10-promotor,KCTD10,V$CETS1P54_01V$PU1_Q6
V$ER_Q6,V$NFKAPPAB65_01,3.572548144,NM_031954-KCTD10-promotor,KCTD10,V$ER_Q6V$NFKAPPAB65_01
V$E2A_Q2,V$NFKAPPAB65_01,3.319324694,NM_031954-KCTD10-promotor,KCTD10,V$E2A_Q2V$NFKAPPAB65_01
V$NFKAPPAB65_01,V$SMAD_Q6_01,5.127858519,NM_031954-KCTD10-promotor,KCTD10,V$NFKAPPAB65_01V$SMAD_Q6_01
V$CREL_01,V$ER_Q6,3.417810904,NM_031954-KCTD10-promotor,KCTD10,V$CREL_01V$ER_Q6
V$CREL_01,V$SMAD_Q6_01,3.082099925,NM_031954-KCTD10-promotor,KCTD10,V$CREL_01V$SMAD_Q6_01
V$AHRHIF_Q6,V$CREL_01,3.359574862,NM_031954-KCTD10-promotor,KCTD10,V$AHRHIF_Q6V$CREL_01
V$CEBPB_01,V$CEBPB_02,3.066432479,NM_031954-KCTD10-promotor,KCTD10,V$CEBPB_01V$CEBPB_02
V$CEBPB_01,V$CEBP_Q2,3.60244511,NM_031954-KCTD10-promotor,KCTD10,V$CEBPB_01V$CEBP_Q2
V$CEBPB_01,V$HMGIY_Q6,3.006943829,NM_031954-KCTD10-promotor,KCTD10,V$CEBPB_01V$HMGIY_Q6
V$CEBPB_01,V$EGR_Q6,3.949518866,NM_031954-KCTD10-promotor,KCTD10,V$CEBPB_01V$EGR_Q6
V$CEBPB_01,V$CEBP_Q2_01,3.118952609,NM_031954-KCTD10-promotor,KCTD10,V$CEBPB_01V$CEBP_Q2_01
V$CEBPB_01,V$NFAT_Q4_01,3.464833666,NM_031954-KCTD10-promotor,KCTD10,V$CEBPB_01V$NFAT_Q4_01
V$CEBPA_01,V$CEBP_Q2,3.219596319,NM_031954-KCTD10-promotor,KCTD10,V$CEBPA_01V$CEBP_Q2
V$CEBP_Q2,V$STAT5B_01,3.289904844,NM_031954-KCTD10-promotor,KCTD10,V$CEBP_Q2V$STAT5B_01
V$NF1_Q6,V$PU1_Q6,3.128337128,NM_031954-KCTD10-promotor,KCTD10,V$NF1_Q6V$PU1_Q6
V$CHOP_01,V$DR4_Q2,3.549007089,NM_031954-KCTD10-promotor,KCTD10,V$CHOP_01V$DR4_Q2
V$NFAT_Q4_01,V$NFAT_Q6,3.687305781,NM_031954-KCTD10-promotor,KCTD10,V$NFAT_Q4_01V$NFAT_Q6
V$PU1_Q6,V$STAT6_01,4.347547372,NM_031954-KCTD10-promotor,KCTD10,V$PU1_Q6V$STAT6_01
V$CETS168_Q6,V$STAT6_01,3.530707298,NM_031954-KCTD10-promotor,KCTD10,V$CETS168_Q6V$STAT6_01
V$HMGIY_Q6,V$STAT6_01,3.916313187,NM_031954-KCTD10-promotor,KCTD10,V$HMGIY_Q6V$STAT6_01
V$MYB_Q5_01,V$STAT6_01,3.477449799,NM_031954-KCTD10-promotor,KCTD10,V$MYB_Q5_01V$STAT6_01
V$PPARA_02,V$SMAD3_Q6,3.421614931,NM_031954-KCTD10-promotor,KCTD10,V$PPARA_02V$SMAD3_Q6
V$GR_Q6_01,V$PPARA_02,3.238215563,NM_031954-KCTD10-promotor,KCTD10,V$GR_Q6_01V$PPARA_02
V$ER_Q6_02,V$PPARA_02,4.055903759,NM_031954-KCTD10-promotor,KCTD10,V$ER_Q6_02V$PPARA_02
V$HMGIY_Q6,V$PU1_Q6,3.682768212,NM_031954-KCTD10-promotor,KCTD10,V$HMGIY_Q6V$PU1_Q6
V$MYB_Q5_01,V$PU1_Q6,3.153586115,NM_031954-KCTD10-promotor,KCTD10,V$MYB_Q5_01V$PU1_Q6
V$GR_Q6_01,V$PU1_Q6,3.07311048,NM_031954-KCTD10-promotor,KCTD10,V$GR_Q6_01V$PU1_Q6
V$MAF_Q6_01,V$PU1_Q6,3.826152077,NM_031954-KCTD10-promotor,KCTD10,V$MAF_Q6_01V$PU1_Q6
V$NFY_Q6_01,V$OSF2_Q6,3.3216888,NM_031954-KCTD10-promotor,KCTD10,V$NFY_Q6_01V$OSF2_Q6
V$CETS168_Q6,V$HMGIY_Q6,3.045708879,NM_031954-KCTD10-promotor,KCTD10,V$CETS168_Q6V$HMGIY_Q6
V$ELF1_Q6,V$ETS_Q4,3.183736007,NM_031954-KCTD10-promotor,KCTD10,V$ELF1_Q6V$ETS_Q4
V$ETS_Q4,V$NFAT_Q4_01,3.162573176,NM_031954-KCTD10-promotor,KCTD10,V$ETS_Q4V$NFAT_Q4_01
V$EGR_Q6,V$MAF_Q6_01,4.193611497,NM_031954-KCTD10-promotor,KCTD10,V$EGR_Q6V$MAF_Q6_01
V$DR3_Q4,V$GR_Q6_01,3.053695552,NM_031954-KCTD10-promotor,KCTD10,V$DR3_Q4V$GR_Q6_01
V$AHRHIF_Q6,V$SMAD_Q6_01,3.661228455,NM_031954-KCTD10-promotor,KCTD10,V$AHRHIF_Q6V$SMAD_Q6_01
V$CETS1P54_01,V$PU1_Q6,3.059255602,NM_138456-BATF2-promotor,BATF2,V$CETS1P54_01V$PU1_Q6
V$CETS1P54_01,V$MYB_Q5_01,3.981696468,NM_138456-BATF2-promotor,BATF2,V$CETS1P54_01V$MYB_Q5_01
V$CREL_01,V$MYB_Q5_01,3.554301028,NM_138456-BATF2-promotor,BATF2,V$CREL_01V$MYB_Q5_01
V$CEBPB_01,V$IPF1_Q4,3.164328772,NM_138456-BATF2-promotor,BATF2,V$CEBPB_01V$IPF1_Q4
V$CEBPA_01,V$CEBP_Q2_01,3.167448426,NM_138456-BATF2-promotor,BATF2,V$CEBPA_01V$CEBP_Q2_01
V$CEBPB_02,V$CEBP_Q2_01,4.100410473,NM_138456-BATF2-promotor,BATF2,V$CEBPB_02V$CEBP_Q2_01
V$AP1_Q6,V$GRE_C,3.36960234,NM_138456-BATF2-promotor,BATF2,V$AP1_Q6V$GRE_C
V$AP1_Q6,V$NF1_Q6_01,3.31151875,NM_138456-BATF2-promotor,BATF2,V$AP1_Q6V$NF1_Q6_01
V$ER_Q6,V$PU1_Q6,3.236318606,NM_138456-BATF2-promotor,BATF2,V$ER_Q6V$PU1_Q6
V$E2A_Q6,V$ER_Q6,3.150760507,NM_138456-BATF2-promotor,BATF2,V$E2A_Q6V$ER_Q6
V$GR_Q6,V$SP1_Q6,3.316603053,NM_138456-BATF2-promotor,BATF2,V$GR_Q6V$SP1_Q6
V$EGR_Q6,V$GR_Q6,3.064912083,NM_138456-BATF2-promotor,BATF2,V$EGR_Q6V$GR_Q6
V$AP1_C,V$NF1_Q6_01,4.205071894,NM_138456-BATF2-promotor,BATF2,V$AP1_CV$NF1_Q6_01
V$AP1_01,V$GRE_C,3.167511818,NM_138456-BATF2-promotor,BATF2,V$AP1_01V$GRE_C
V$ETS_Q4,V$GRE_C,3.255666608,NM_138456-BATF2-promotor,BATF2,V$ETS_Q4V$GRE_C
V$CREB_Q3,V$GRE_C,3.745234802,NM_138456-BATF2-promotor,BATF2,V$CREB_Q3V$GRE_C
V$HNF4_Q6,V$NFAT_Q6,3.078456388,NM_138456-BATF2-promotor,BATF2,V$HNF4_Q6V$NFAT_Q6
V$AP1_01,V$EGR_Q6,3.05336654,NM_138456-BATF2-promotor,BATF2,V$AP1_01V$EGR_Q6
V$AP1_01,V$CP2_02,3.358986357,NM_138456-BATF2-promotor,BATF2,V$AP1_01V$CP2_02
V$LEF1_Q2,V$PPARA_02,3.41056938,NM_138456-BATF2-promotor,BATF2,V$LEF1_Q2V$PPARA_02
V$MYB_Q5_01,V$PU1_Q6,3.034905783,NM_138456-BATF2-promotor,BATF2,V$MYB_Q5_01V$PU1_Q6
V$CP2_02,V$SF1_Q6,3.899981163,NM_138456-BATF2-promotor,BATF2,V$CP2_02V$SF1_Q6
V$AML_Q6,V$OSF2_Q6,3.664399814,NM_138456-BATF2-promotor,BATF2,V$AML_Q6V$OSF2_Q6
V$CREB_Q3,V$ELF1_Q6,3.08183594,NM_138456-BATF2-promotor,BATF2,V$CREB_Q3V$ELF1_Q6
V$AP1_Q2_01,V$ELF1_Q6,3.021069399,NM_138456-BATF2-promotor,BATF2,V$AP1_Q2_01V$ELF1_Q6
V$DR1_Q3,V$SP1_Q2_01,3.072484259,NM_138456-BATF2-promotor,BATF2,V$DR1_Q3V$SP1_Q2_01
V$DR1_Q3,V$EBF_Q6,3.043861324,NM_138456-BATF2-promotor,BATF2,V$DR1_Q3V$EBF_Q6
V$CP2_02,V$ETS_Q4,3.481806701,NM_138456-BATF2-promotor,BATF2,V$CP2_02V$ETS_Q4
V$E2A_Q2,V$IRF_Q6,3.120116416,NM_138456-BATF2-promotor,BATF2,V$E2A_Q2V$IRF_Q6
V$NFKB_Q6_01,V$PR_Q2,3.182433323,NM_138456-BATF2-promotor,BATF2,V$NFKB_Q6_01V$PR_Q2
V$HNF4_Q6,V$STAT_Q6,3.50226454,NM_138456-BATF2-promotor,BATF2,V$HNF4_Q6V$STAT_Q6
V$HNF3_Q6,V$PEBP_Q6,3.203046045,NM_138456-BATF2-promotor,BATF2,V$HNF3_Q6V$PEBP_Q6
V$CREB_Q3,V$NF1_Q6_01,3.666528888,NM_138456-BATF2-promotor,BATF2,V$CREB_Q3V$NF1_Q6_01
V$AP1_Q2_01,V$SMAD_Q6_01,4.259516438,NM_138456-BATF2-promotor,BATF2,V$AP1_Q2_01V$SMAD_Q6_01
V$CEBP_Q2,V$ELK1_02,3.511714849,NM_181359-IL6R-promotor,IL6R,V$CEBP_Q2V$ELK1_02
V$CETS1P54_01,V$GR_Q6,3.259807545,NM_181359-IL6R-promotor,IL6R,V$CETS1P54_01V$GR_Q6
V$CETS1P54_01,V$HNF3_Q6,3.38549403,NM_181359-IL6R-promotor,IL6R,V$CETS1P54_01V$HNF3_Q6
V$NFKAPPAB65_01,V$STAT_01,3.098601577,NM_181359-IL6R-promotor,IL6R,V$NFKAPPAB65_01V$STAT_01
V$CREL_01,V$STAT_01,3.424252447,NM_181359-IL6R-promotor,IL6R,V$CREL_01V$STAT_01
V$CREL_01,V$E2A_Q6,3.426585983,NM_181359-IL6R-promotor,IL6R,V$CREL_01V$E2A_Q6
V$AP1_Q4_01,V$OCT1_04,3.811037328,NM_181359-IL6R-promotor,IL6R,V$AP1_Q4_01V$OCT1_04
V$AP1FJ_Q2,V$HMGIY_Q6,3.139989812,NM_181359-IL6R-promotor,IL6R,V$AP1FJ_Q2V$HMGIY_Q6
V$AP1FJ_Q2,V$ETS_Q4,3.842379158,NM_181359-IL6R-promotor,IL6R,V$AP1FJ_Q2V$ETS_Q4
V$AP1FJ_Q2,V$NFKB_Q6_01,3.563899808,NM_181359-IL6R-promotor,IL6R,V$AP1FJ_Q2V$NFKB_Q6_01
V$AP1_Q2,V$NFKB_Q6_01,3.988852442,NM_181359-IL6R-promotor,IL6R,V$AP1_Q2V$NFKB_Q6_01
V$NFY_C,V$NFY_Q6,3.382483128,NM_181359-IL6R-promotor,IL6R,V$NFY_CV$NFY_Q6
V$NF1_Q6,V$NFKB_Q6,3.289301403,NM_181359-IL6R-promotor,IL6R,V$NF1_Q6V$NFKB_Q6
V$MYCMAX_B,V$NFKB_Q6,3.725697758,NM_181359-IL6R-promotor,IL6R,V$MYCMAX_BV$NFKB_Q6
V$NF1_Q6_01,V$NFKB_Q6,3.025067367,NM_181359-IL6R-promotor,IL6R,V$NF1_Q6_01V$NFKB_Q6
V$NFKB_Q6,V$SMAD_Q6_01,3.01658272,NM_181359-IL6R-promotor,IL6R,V$NFKB_Q6V$SMAD_Q6_01
V$GATA_C,V$NFKB_C,3.503156857,NM_181359-IL6R-promotor,IL6R,V$GATA_CV$NFKB_C
V$DR1_Q3,V$GRE_C,3.017114521,NM_181359-IL6R-promotor,IL6R,V$DR1_Q3V$GRE_C
V$ELF1_Q6,V$NFY_C,3.723673556,NM_181359-IL6R-promotor,IL6R,V$ELF1_Q6V$NFY_C
V$NFAT_Q6,V$SMAD_Q6_01,3.394217913,NM_181359-IL6R-promotor,IL6R,V$NFAT_Q6V$SMAD_Q6_01
V$HNF4ALPHA_Q6,V$IPF1_Q4,3.196814162,NM_181359-IL6R-promotor,IL6R,V$HNF4ALPHA_Q6V$IPF1_Q4
V$CETS168_Q6,V$PPARA_02,3.863784348,NM_181359-IL6R-promotor,IL6R,V$CETS168_Q6V$PPARA_02
V$ICSBP_Q6,V$IRF_Q6,3.189139729,NM_181359-IL6R-promotor,IL6R,V$ICSBP_Q6V$IRF_Q6
V$NFKB_Q6_01,V$SMAD3_Q6,3.395438404,NM_181359-IL6R-promotor,IL6R,V$NFKB_Q6_01V$SMAD3_Q6
V$CP2_02,V$DR1_Q3,3.495250905,NM_181359-IL6R-promotor,IL6R,V$CP2_02V$DR1_Q3
V$DR1_Q3,V$SMAD_Q6_01,3.303469409,NM_181359-IL6R-promotor,IL6R,V$DR1_Q3V$SMAD_Q6_01
V$AML_Q6,V$E2A_Q6,3.10656042,NM_181359-IL6R-promotor,IL6R,V$AML_Q6V$E2A_Q6
V$ETS_Q4,V$SMAD_Q6_01,3.287679931,NM_181359-IL6R-promotor,IL6R,V$ETS_Q4V$SMAD_Q6_01
V$CREB_Q3,V$NFKB_Q6_01,3.137189393,NM_181359-IL6R-promotor,IL6R,V$CREB_Q3V$NFKB_Q6_01
V$CEBP_Q2_01,V$CREB_Q3,3.53583083,NM_181359-IL6R-promotor,IL6R,V$CEBP_Q2_01V$CREB_Q3
V$ETS_Q6,V$MYB_Q5_01,4.200733762,NM_181359-IL6R-promotor,IL6R,V$ETS_Q6V$MYB_Q5_01
V$E2F_Q3_01,V$E2F_Q4_01,3.320495512,NM_181359-IL6R-promotor,IL6R,V$E2F_Q3_01V$E2F_Q4_01
V$E2A_Q6,V$SP1_Q4_01,3.421385501,NM_181359-IL6R-promotor,IL6R,V$E2A_Q6V$SP1_Q4_01
V$E2A_Q6,V$KROX_Q6,4.255581589,NM_181359-IL6R-promotor,IL6R,V$E2A_Q6V$KROX_Q6
V$AP1_Q2,V$CETS1P54_01,3.721281476,NM_182556-SLC25A45-promotor,SLC25A45,V$AP1_Q2V$CETS1P54_01
V$AP1_Q6,V$CETS1P54_01,3.272735357,NM_182556-SLC25A45-promotor,SLC25A45,V$AP1_Q6V$CETS1P54_01
V$AP1_C,V$CETS1P54_01,3.107940581,NM_182556-SLC25A45-promotor,SLC25A45,V$AP1_CV$CETS1P54_01
V$CETS1P54_01,V$GR_Q6_01,3.898596499,NM_182556-SLC25A45-promotor,SLC25A45,V$CETS1P54_01V$GR_Q6_01
V$CEBPB_02,V$MYB_Q6,3.136407357,NM_182556-SLC25A45-promotor,SLC25A45,V$CEBPB_02V$MYB_Q6
V$CEBPB_02,V$PEBP_Q6,4.21477673,NM_182556-SLC25A45-promotor,SLC25A45,V$CEBPB_02V$PEBP_Q6
V$AP1_Q2,V$IRF_Q6,3.416555102,NM_182556-SLC25A45-promotor,SLC25A45,V$AP1_Q2V$IRF_Q6
V$MYB_Q6,V$STAT_01,3.313165236,NM_182556-SLC25A45-promotor,SLC25A45,V$MYB_Q6V$STAT_01
V$CEBP_Q2,V$IRF_Q6_01,3.292684275,NM_182556-SLC25A45-promotor,SLC25A45,V$CEBP_Q2V$IRF_Q6_01
V$CREB_Q3,V$GR_Q6,3.268359039,NM_182556-SLC25A45-promotor,SLC25A45,V$CREB_Q3V$GR_Q6
V$GRE_C,V$SP1_Q6,3.48676537,NM_182556-SLC25A45-promotor,SLC25A45,V$GRE_CV$SP1_Q6
V$GRE_C,V$SP1_Q4_01,3.487402151,NM_182556-SLC25A45-promotor,SLC25A45,V$GRE_CV$SP1_Q4_01
V$NFY_01,V$STAT_01,3.152000816,NM_182556-SLC25A45-promotor,SLC25A45,V$NFY_01V$STAT_01
V$MYCMAX_B,V$SMAD3_Q6,3.866394354,NM_182556-SLC25A45-promotor,SLC25A45,V$MYCMAX_BV$SMAD3_Q6
V$ETS_Q4,V$MYCMAX_B,3.869736164,NM_182556-SLC25A45-promotor,SLC25A45,V$ETS_Q4V$MYCMAX_B
V$ATF3_Q6,V$PPARA_02,3.056052595,NM_182556-SLC25A45-promotor,SLC25A45,V$ATF3_Q6V$PPARA_02
V$AP1_01,V$IRF_Q6,3.456249255,NM_182556-SLC25A45-promotor,SLC25A45,V$AP1_01V$IRF_Q6
V$PR_Q2,V$PU1_Q6,3.455768545,NM_182556-SLC25A45-promotor,SLC25A45,V$PR_Q2V$PU1_Q6
V$ETS_Q6,V$PU1_Q6,3.014901665,NM_182556-SLC25A45-promotor,SLC25A45,V$ETS_Q6V$PU1_Q6
V$ICSBP_Q6,V$LEF1_Q2,3.059908973,NM_182556-SLC25A45-promotor,SLC25A45,V$ICSBP_Q6V$LEF1_Q2
V$FOX_Q2,V$SF1_Q6,3.166203136,NM_182556-SLC25A45-promotor,SLC25A45,V$FOX_Q2V$SF1_Q6
V$FOX_Q2,V$HMGIY_Q6,3.789695649,NM_182556-SLC25A45-promotor,SLC25A45,V$FOX_Q2V$HMGIY_Q6
V$GATA_Q6,V$MYB_Q3,3.115532493,NM_182556-SLC25A45-promotor,SLC25A45,V$GATA_Q6V$MYB_Q3
V$FOX_Q2,V$NFAT_Q4_01,3.458162165,NM_182556-SLC25A45-promotor,SLC25A45,V$FOX_Q2V$NFAT_Q4_01
V$PEBP_Q6,V$PR_Q2,3.722170007,NM_182556-SLC25A45-promotor,SLC25A45,V$PEBP_Q6V$PR_Q2
V$CETS1P54_01,V$CMYB_01,3.18965812,NM_182628-CFAP100-promotor,CFAP100,V$CETS1P54_01V$CMYB_01
V$AP1FJ_Q2,V$CETS1P54_01,3.120914926,NM_182628-CFAP100-promotor,CFAP100,V$AP1FJ_Q2V$CETS1P54_01
V$EBF_Q6,V$NFKAPPAB65_01,3.007902424,NM_182628-CFAP100-promotor,CFAP100,V$EBF_Q6V$NFKAPPAB65_01
V$CEBPA_01,V$EFC_Q6,3.098395936,NM_182628-CFAP100-promotor,CFAP100,V$CEBPA_01V$EFC_Q6
V$AP1FJ_Q2,V$MYCMAX_B,3.013477188,NM_182628-CFAP100-promotor,CFAP100,V$AP1FJ_Q2V$MYCMAX_B
V$AP1FJ_Q2,V$ETS_Q4,3.108713863,NM_182628-CFAP100-promotor,CFAP100,V$AP1FJ_Q2V$ETS_Q4
V$CEBP_Q2,V$EFC_Q6,4.364420497,NM_182628-CFAP100-promotor,CFAP100,V$CEBP_Q2V$EFC_Q6
V$GR_Q6,V$HNF4_Q6,3.51590221,NM_182628-CFAP100-promotor,CFAP100,V$GR_Q6V$HNF4_Q6
V$DR1_Q3,V$NF1_Q6,3.564205821,NM_182628-CFAP100-promotor,CFAP100,V$DR1_Q3V$NF1_Q6
V$NFKB_Q6,V$PU1_Q6,3.152958154,NM_182628-CFAP100-promotor,CFAP100,V$NFKB_Q6V$PU1_Q6
V$NFKB_Q6,V$SP1_Q4_01,3.982952194,NM_182628-CFAP100-promotor,CFAP100,V$NFKB_Q6V$SP1_Q4_01
V$NFKB_Q6,V$PEBP_Q6,4.345808572,NM_182628-CFAP100-promotor,CFAP100,V$NFKB_Q6V$PEBP_Q6
V$GRE_C,V$SMAD_Q6_01,3.422107783,NM_182628-CFAP100-promotor,CFAP100,V$GRE_CV$SMAD_Q6_01
V$ETS_Q6,V$MYCMAX_B,3.076335101,NM_182628-CFAP100-promotor,CFAP100,V$ETS_Q6V$MYCMAX_B
V$HNF3_Q6,V$ICSBP_Q6,3.076954415,NM_182628-CFAP100-promotor,CFAP100,V$HNF3_Q6V$ICSBP_Q6
V$CEBP_Q3,V$EGR_Q6,3.371445738,NM_182628-CFAP100-promotor,CFAP100,V$CEBP_Q3V$EGR_Q6
V$CEBP_Q3,V$GR_Q6_01,3.018036004,NM_182628-CFAP100-promotor,CFAP100,V$CEBP_Q3V$GR_Q6_01
V$AP1_Q2_01,V$CEBP_Q3,3.850982602,NM_182628-CFAP100-promotor,CFAP100,V$AP1_Q2_01V$CEBP_Q3
V$CEBP_Q3,V$ETS_Q6,3.108839733,NM_182628-CFAP100-promotor,CFAP100,V$CEBP_Q3V$ETS_Q6
V$ETS_Q4,V$SP1_Q4_01,3.221955592,NM_182628-CFAP100-promotor,CFAP100,V$ETS_Q4V$SP1_Q4_01
V$CP2_02,V$ETS_Q4,3.086512339,NM_182628-CFAP100-promotor,CFAP100,V$CP2_02V$ETS_Q4
V$ETS_Q4,V$PEBP_Q6,3.656211729,NM_182628-CFAP100-promotor,CFAP100,V$ETS_Q4V$PEBP_Q6
V$E2F_Q3_01,V$EGR_Q6,3.469039794,NM_182628-CFAP100-promotor,CFAP100,V$E2F_Q3_01V$EGR_Q6
V$EGR_Q6,V$ER_Q6_02,3.541307275,NM_182628-CFAP100-promotor,CFAP100,V$EGR_Q6V$ER_Q6_02
V$DR4_Q2,V$EGR_Q6,3.169701218,NM_182628-CFAP100-promotor,CFAP100,V$DR4_Q2V$EGR_Q6
V$AP1_Q2_01,V$MYB_Q5_01,3.586470547,NM_182628-CFAP100-promotor,CFAP100,V$AP1_Q2_01V$MYB_Q5_01
V$E2F_Q3_01,V$SMAD_Q6_01,3.677211499,NM_182628-CFAP100-promotor,CFAP100,V$E2F_Q3_01V$SMAD_Q6_01
V$PEBP_Q6,V$SP1_Q4_01,3.590416339,NM_182628-CFAP100-promotor,CFAP100,V$PEBP_Q6V$SP1_Q4_01
V$AHRHIF_Q6,V$ER_Q6_02,4.160597994,NM_182628-CFAP100-promotor,CFAP100,V$AHRHIF_Q6V$ER_Q6_02
V$AHRHIF_Q6,V$DR3_Q4,3.350873045,NM_182628-CFAP100-promotor,CFAP100,V$AHRHIF_Q6V$DR3_Q4
V$AHRHIF_Q6,V$ETS_Q6,4.277709436,NM_182628-CFAP100-promotor,CFAP100,V$AHRHIF_Q6V$ETS_Q6
V$ETS_Q6,V$MAF_Q6_01,3.305046309,NM_182628-CFAP100-promotor,CFAP100,V$ETS_Q6V$MAF_Q6_01
V$NFKAPPAB65_01,V$NFY_01,3.880393034,NM_203434-IER5L-promotor,IER5L,V$NFKAPPAB65_01V$NFY_01
V$NFKAPPAB65_01,V$NFY_Q6_01,3.36028633,NM_203434-IER5L-promotor,IER5L,V$NFKAPPAB65_01V$NFY_Q6_01
V$CEBPA_01,V$CREL_01,3.076351584,NM_203434-IER5L-promotor,IER5L,V$CEBPA_01V$CREL_01
V$AP1_Q2_01,V$NFKAPPAB_01,3.142927692,NM_203434-IER5L-promotor,IER5L,V$AP1_Q2_01V$NFKAPPAB_01
V$CP2_01,V$HNF1_Q6,3.182870396,NM_203434-IER5L-promotor,IER5L,V$CP2_01V$HNF1_Q6
V$COUP_01,V$OCT1_04,3.378023078,NM_203434-IER5L-promotor,IER5L,V$COUP_01V$OCT1_04
V$GR_Q6_01,V$PAX5_01,3.120027046,NM_203434-IER5L-promotor,IER5L,V$GR_Q6_01V$PAX5_01
V$AP1FJ_Q2,V$NFKB_Q6,3.233324157,NM_203434-IER5L-promotor,IER5L,V$AP1FJ_Q2V$NFKB_Q6
V$AP1FJ_Q2,V$MYCMAX_B,4.126191978,NM_203434-IER5L-promotor,IER5L,V$AP1FJ_Q2V$MYCMAX_B
V$AP1FJ_Q2,V$ETS_Q6,3.309523069,NM_203434-IER5L-promotor,IER5L,V$AP1FJ_Q2V$ETS_Q6
V$NF1_Q6,V$OCT_Q6,3.537804683,NM_203434-IER5L-promotor,IER5L,V$NF1_Q6V$OCT_Q6
V$E2F_Q4_01,V$NF1_Q6,4.387552102,NM_203434-IER5L-promotor,IER5L,V$E2F_Q4_01V$NF1_Q6
V$AP1_C,V$NFKB_Q6,3.486562798,NM_203434-IER5L-promotor,IER5L,V$AP1_CV$NFKB_Q6
V$AP1_C,V$CEBP_Q3,3.584047013,NM_203434-IER5L-promotor,IER5L,V$AP1_CV$CEBP_Q3
V$MYCMAX_B,V$MYOD_Q6_01,4.926103652,NM_203434-IER5L-promotor,IER5L,V$MYCMAX_BV$MYOD_Q6_01
V$ETS1_B,V$NF1_Q6_01,3.254076534,NM_203434-IER5L-promotor,IER5L,V$ETS1_BV$NF1_Q6_01
V$AHRHIF_Q6,V$PPARA_02,3.07631479,NM_203434-IER5L-promotor,IER5L,V$AHRHIF_Q6V$PPARA_02
V$OCT_Q6,V$OSF2_Q6,3.661323606,NM_203434-IER5L-promotor,IER5L,V$OCT_Q6V$OSF2_Q6
V$DR1_Q3,V$SREBP_Q3,3.394026379,NM_203434-IER5L-promotor,IER5L,V$DR1_Q3V$SREBP_Q3
V$ETS_Q4,V$NF1_Q6_01,3.731822877,NM_203434-IER5L-promotor,IER5L,V$ETS_Q4V$NF1_Q6_01
V$CREB_Q3,V$NFKB_Q6_01,4.297224381,NM_203434-IER5L-promotor,IER5L,V$CREB_Q3V$NFKB_Q6_01
V$E2F_Q3_01,V$SREBP_Q3,3.267477007,NM_203434-IER5L-promotor,IER5L,V$E2F_Q3_01V$SREBP_Q3
V$MAF_Q6_01,V$OCT_Q6,3.504422871,NM_203434-IER5L-promotor,IER5L,V$MAF_Q6_01V$OCT_Q6
V$AHRHIF_Q6,V$USF_Q6_01,3.266577871,NM_203434-IER5L-promotor,IER5L,V$AHRHIF_Q6V$USF_Q6_01
V$E2F_Q4_01,V$NF1_Q6_01,3.406849742,NM_203434-IER5L-promotor,IER5L,V$E2F_Q4_01V$NF1_Q6_01
V$E2F_Q3_01,V$E2F_Q4_01,4.110794687,NM_203434-IER5L-promotor,IER5L,V$E2F_Q3_01V$E2F_Q4_01
