V$AHRHIF_Q6,V$AP1_C,FALSE,TRUE,V$AHRHIF_Q6V$AP1_C
V$AHRHIF_Q6,V$CREB_Q3,FALSE,FALSE,V$AHRHIF_Q6V$CREB_Q3
V$AHRHIF_Q6,V$CREL_01,FALSE,TRUE,V$AHRHIF_Q6V$CREL_01
V$AHRHIF_Q6,V$DR3_Q4,FALSE,FALSE,V$AHRHIF_Q6V$DR3_Q4
V$AHRHIF_Q6,V$ER_Q6_02,FALSE,TRUE,V$AHRHIF_Q6V$ER_Q6_02
V$AHRHIF_Q6,V$ETS_Q6,FALSE,FALSE,V$AHRHIF_Q6V$ETS_Q6
V$AHRHIF_Q6,V$ETS1_B,FALSE,FALSE,V$AHRHIF_Q6V$ETS1_B
V$AHRHIF_Q6,V$IRF_Q6,FALSE,FALSE,V$AHRHIF_Q6V$IRF_Q6
V$AHRHIF_Q6,V$MYB_Q6,FALSE,FALSE,V$AHRHIF_Q6V$MYB_Q6
V$AHRHIF_Q6,V$NF1_Q6_01,FALSE,FALSE,V$AHRHIF_Q6V$NF1_Q6_01
V$AHRHIF_Q6,V$PPARA_02,FALSE,FALSE,V$AHRHIF_Q6V$PPARA_02
V$AHRHIF_Q6,V$SF1_Q6,FALSE,FALSE,V$AHRHIF_Q6V$SF1_Q6
V$AHRHIF_Q6,V$SMAD_Q6_01,TRUE,TRUE,V$AHRHIF_Q6V$SMAD_Q6_01
V$AHRHIF_Q6,V$SP1_Q2_01,TRUE,TRUE,V$AHRHIF_Q6V$SP1_Q2_01
V$AHRHIF_Q6,V$USF_Q6_01,FALSE,FALSE,V$AHRHIF_Q6V$USF_Q6_01
V$AML_Q6,V$CETS1P54_01,FALSE,TRUE,V$AML_Q6V$CETS1P54_01
V$AML_Q6,V$E2A_Q6,FALSE,TRUE,V$AML_Q6V$E2A_Q6
V$AML_Q6,V$EBF_Q6,FALSE,FALSE,V$AML_Q6V$EBF_Q6
V$AML_Q6,V$GRE_C,FALSE,FALSE,V$AML_Q6V$GRE_C
V$AML_Q6,V$HNF3_Q6,FALSE,FALSE,V$AML_Q6V$HNF3_Q6
V$AML_Q6,V$LEF1_Q2,FALSE,FALSE,V$AML_Q6V$LEF1_Q2
V$AML_Q6,V$MYOD_Q6_01,FALSE,TRUE,V$AML_Q6V$MYOD_Q6_01
V$AML_Q6,V$OSF2_Q6,FALSE,TRUE,V$AML_Q6V$OSF2_Q6
V$AML_Q6,V$TAL1ALPHAE47_01,FALSE,TRUE,V$AML_Q6V$TAL1ALPHAE47_01
V$AP1_01,V$AP1_Q2,TRUE,TRUE,V$AP1_01V$AP1_Q2
V$AP1_01,V$CEBP_Q2_01,TRUE,TRUE,V$AP1_01V$CEBP_Q2_01
V$AP1_01,V$CETS1P54_01,TRUE,TRUE,V$AP1_01V$CETS1P54_01
V$AP1_01,V$CP2_02,FALSE,FALSE,V$AP1_01V$CP2_02
V$AP1_01,V$EGR_Q6,FALSE,FALSE,V$AP1_01V$EGR_Q6
V$AP1_01,V$GRE_C,TRUE,TRUE,V$AP1_01V$GRE_C
V$AP1_01,V$IRF_Q6,FALSE,FALSE,V$AP1_01V$IRF_Q6
V$AP1_01,V$NFKAPPAB65_01,TRUE,TRUE,V$AP1_01V$NFKAPPAB65_01
V$AP1_01,V$SP1_Q6_01,TRUE,TRUE,V$AP1_01V$SP1_Q6_01
V$AP1_C,V$AP1_Q2_01,TRUE,TRUE,V$AP1_CV$AP1_Q2_01
V$AP1_C,V$CEBP_Q3,TRUE,TRUE,V$AP1_CV$CEBP_Q3
V$AP1_C,V$CEBPB_01,TRUE,FALSE,V$AP1_CV$CEBPB_01
V$AP1_C,V$CETS1P54_01,TRUE,TRUE,V$AP1_CV$CETS1P54_01
V$AP1_C,V$CREB_Q3,FALSE,TRUE,V$AP1_CV$CREB_Q3
V$AP1_C,V$ER_Q6,TRUE,TRUE,V$AP1_CV$ER_Q6
V$AP1_C,V$MYB_Q5_01,FALSE,FALSE,V$AP1_CV$MYB_Q5_01
V$AP1_C,V$NF1_Q6_01,FALSE,FALSE,V$AP1_CV$NF1_Q6_01
V$AP1_C,V$NFAT_Q4_01,TRUE,TRUE,V$AP1_CV$NFAT_Q4_01
V$AP1_C,V$NFAT_Q6,TRUE,TRUE,V$AP1_CV$NFAT_Q6
V$AP1_C,V$NFKB_Q6,TRUE,TRUE,V$AP1_CV$NFKB_Q6
V$AP1_C,V$PEBP_Q6,FALSE,TRUE,V$AP1_CV$PEBP_Q6
V$AP1_C,V$SP1_Q6,TRUE,TRUE,V$AP1_CV$SP1_Q6
V$AP1_C,V$SP1_Q6_01,TRUE,TRUE,V$AP1_CV$SP1_Q6_01
V$AP1_Q2_01,V$AP1_Q4_01,TRUE,TRUE,V$AP1_Q2_01V$AP1_Q4_01
V$AP1_Q2_01,V$CEBP_Q2,TRUE,TRUE,V$AP1_Q2_01V$CEBP_Q2
V$AP1_Q2_01,V$CEBP_Q2_01,TRUE,TRUE,V$AP1_Q2_01V$CEBP_Q2_01
V$AP1_Q2_01,V$CEBP_Q3,TRUE,TRUE,V$AP1_Q2_01V$CEBP_Q3
V$AP1_Q2_01,V$CEBPB_02,TRUE,FALSE,V$AP1_Q2_01V$CEBPB_02
V$AP1_Q2_01,V$CREB_Q3,FALSE,TRUE,V$AP1_Q2_01V$CREB_Q3
V$AP1_Q2_01,V$E2A_Q6,FALSE,TRUE,V$AP1_Q2_01V$E2A_Q6
V$AP1_Q2_01,V$ELF1_Q6,TRUE,FALSE,V$AP1_Q2_01V$ELF1_Q6
V$AP1_Q2_01,V$GR_Q6,TRUE,TRUE,V$AP1_Q2_01V$GR_Q6
V$AP1_Q2_01,V$IRF_Q6_01,FALSE,FALSE,V$AP1_Q2_01V$IRF_Q6_01
V$AP1_Q2_01,V$MYB_Q5_01,FALSE,FALSE,V$AP1_Q2_01V$MYB_Q5_01
V$AP1_Q2_01,V$NFKAPPAB_01,TRUE,TRUE,V$AP1_Q2_01V$NFKAPPAB_01
V$AP1_Q2_01,V$NFKB_Q6,TRUE,TRUE,V$AP1_Q2_01V$NFKB_Q6
V$AP1_Q2_01,V$NFKB_Q6_01,TRUE,TRUE,V$AP1_Q2_01V$NFKB_Q6_01
V$AP1_Q2_01,V$PEBP_Q6,FALSE,TRUE,V$AP1_Q2_01V$PEBP_Q6
V$AP1_Q2_01,V$SMAD_Q6_01,TRUE,TRUE,V$AP1_Q2_01V$SMAD_Q6_01
V$AP1_Q2_01,V$STAT6_01,TRUE,TRUE,V$AP1_Q2_01V$STAT6_01
V$AP1_Q2,V$CETS1P54_01,TRUE,TRUE,V$AP1_Q2V$CETS1P54_01
V$AP1_Q2,V$E2F_Q3_01,FALSE,FALSE,V$AP1_Q2V$E2F_Q3_01
V$AP1_Q2,V$E2F_Q4_01,FALSE,FALSE,V$AP1_Q2V$E2F_Q4_01
V$AP1_Q2,V$ETS_Q4,TRUE,TRUE,V$AP1_Q2V$ETS_Q4
V$AP1_Q2,V$IRF_Q6,FALSE,FALSE,V$AP1_Q2V$IRF_Q6
V$AP1_Q2,V$NF1_Q6_01,FALSE,FALSE,V$AP1_Q2V$NF1_Q6_01
V$AP1_Q2,V$NFAT_Q4_01,TRUE,TRUE,V$AP1_Q2V$NFAT_Q4_01
V$AP1_Q2,V$NFKB_Q6_01,TRUE,TRUE,V$AP1_Q2V$NFKB_Q6_01
V$AP1_Q2,V$STAT_Q6,TRUE,TRUE,V$AP1_Q2V$STAT_Q6
V$AP1_Q2,V$STAT6_01,TRUE,TRUE,V$AP1_Q2V$STAT6_01
V$AP1_Q4_01,V$CREB_Q3,FALSE,TRUE,V$AP1_Q4_01V$CREB_Q3
V$AP1_Q4_01,V$ELF1_Q6,TRUE,FALSE,V$AP1_Q4_01V$ELF1_Q6
V$AP1_Q4_01,V$ETS_Q4,TRUE,TRUE,V$AP1_Q4_01V$ETS_Q4
V$AP1_Q4_01,V$NFKB_Q6_01,TRUE,TRUE,V$AP1_Q4_01V$NFKB_Q6_01
V$AP1_Q4_01,V$OCT1_04,FALSE,FALSE,V$AP1_Q4_01V$OCT1_04
V$AP1_Q4_01,V$PU1_Q6,TRUE,TRUE,V$AP1_Q4_01V$PU1_Q6
V$AP1_Q4_01,V$SMAD_Q6_01,TRUE,TRUE,V$AP1_Q4_01V$SMAD_Q6_01
V$AP1_Q4_01,V$SP1_Q2_01,TRUE,TRUE,V$AP1_Q4_01V$SP1_Q2_01
V$AP1_Q4_01,V$STAT_Q6,TRUE,TRUE,V$AP1_Q4_01V$STAT_Q6
V$AP1_Q4_01,V$STAT6_01,TRUE,TRUE,V$AP1_Q4_01V$STAT6_01
V$AP1_Q6,V$CETS1P54_01,TRUE,TRUE,V$AP1_Q6V$CETS1P54_01
V$AP1_Q6,V$E2A_Q2,FALSE,TRUE,V$AP1_Q6V$E2A_Q2
V$AP1_Q6,V$GRE_C,TRUE,TRUE,V$AP1_Q6V$GRE_C
V$AP1_Q6,V$NF1_Q6_01,FALSE,FALSE,V$AP1_Q6V$NF1_Q6_01
V$AP1_Q6,V$NFAT_Q6,TRUE,TRUE,V$AP1_Q6V$NFAT_Q6
V$AP1FJ_Q2,V$AP1_Q2,TRUE,TRUE,V$AP1FJ_Q2V$AP1_Q2
V$AP1FJ_Q2,V$AP1_Q6,TRUE,TRUE,V$AP1FJ_Q2V$AP1_Q6
V$AP1FJ_Q2,V$CEBPB_02,TRUE,FALSE,V$AP1FJ_Q2V$CEBPB_02
V$AP1FJ_Q2,V$CETS1P54_01,TRUE,TRUE,V$AP1FJ_Q2V$CETS1P54_01
V$AP1FJ_Q2,V$CP2_02,FALSE,FALSE,V$AP1FJ_Q2V$CP2_02
V$AP1FJ_Q2,V$CREB_Q3,FALSE,TRUE,V$AP1FJ_Q2V$CREB_Q3
V$AP1FJ_Q2,V$DR1_Q3,FALSE,FALSE,V$AP1FJ_Q2V$DR1_Q3
V$AP1FJ_Q2,V$ETS_Q4,TRUE,TRUE,V$AP1FJ_Q2V$ETS_Q4
V$AP1FJ_Q2,V$ETS_Q6,TRUE,TRUE,V$AP1FJ_Q2V$ETS_Q6
V$AP1FJ_Q2,V$HMGIY_Q6,FALSE,TRUE,V$AP1FJ_Q2V$HMGIY_Q6
V$AP1FJ_Q2,V$MYCMAX_B,FALSE,TRUE,V$AP1FJ_Q2V$MYCMAX_B
V$AP1FJ_Q2,V$NFKB_Q6,TRUE,TRUE,V$AP1FJ_Q2V$NFKB_Q6
V$AP1FJ_Q2,V$NFKB_Q6_01,TRUE,TRUE,V$AP1FJ_Q2V$NFKB_Q6_01
V$AP1FJ_Q2,V$SF1_Q6,FALSE,TRUE,V$AP1FJ_Q2V$SF1_Q6
V$AP1FJ_Q2,V$STAT_Q6,TRUE,TRUE,V$AP1FJ_Q2V$STAT_Q6
V$AP1FJ_Q2,V$STAT6_01,TRUE,TRUE,V$AP1FJ_Q2V$STAT6_01
V$ATF3_Q6,V$CP2_02,FALSE,FALSE,V$ATF3_Q6V$CP2_02
V$ATF3_Q6,V$PPARA_02,FALSE,FALSE,V$ATF3_Q6V$PPARA_02
V$CEBP_C,V$IPF1_Q4,FALSE,FALSE,V$CEBP_CV$IPF1_Q4
V$CEBP_C,V$MYB_Q6,TRUE,FALSE,V$CEBP_CV$MYB_Q6
V$CEBP_Q2_01,V$CETS1P54_01,TRUE,FALSE,V$CEBP_Q2_01V$CETS1P54_01
V$CEBP_Q2_01,V$CP2_01,TRUE,FALSE,V$CEBP_Q2_01V$CP2_01
V$CEBP_Q2_01,V$CREB_Q3,FALSE,TRUE,V$CEBP_Q2_01V$CREB_Q3
V$CEBP_Q2_01,V$ER_Q6_02,FALSE,TRUE,V$CEBP_Q2_01V$ER_Q6_02
V$CEBP_Q2_01,V$ETS_Q6,TRUE,FALSE,V$CEBP_Q2_01V$ETS_Q6
V$CEBP_Q2_01,V$MYB_Q5_01,TRUE,TRUE,V$CEBP_Q2_01V$MYB_Q5_01
V$CEBP_Q2_01,V$NF1_Q6,FALSE,FALSE,V$CEBP_Q2_01V$NF1_Q6
V$CEBP_Q2_01,V$OCT_Q6,FALSE,TRUE,V$CEBP_Q2_01V$OCT_Q6
V$CEBP_Q2_01,V$PU1_Q6,TRUE,TRUE,V$CEBP_Q2_01V$PU1_Q6
V$CEBP_Q2_01,V$STAT6_01,TRUE,TRUE,V$CEBP_Q2_01V$STAT6_01
V$CEBP_Q2,V$E2A_Q6,FALSE,FALSE,V$CEBP_Q2V$E2A_Q6
V$CEBP_Q2,V$EFC_Q6,FALSE,FALSE,V$CEBP_Q2V$EFC_Q6
V$CEBP_Q2,V$ELK1_02,TRUE,FALSE,V$CEBP_Q2V$ELK1_02
V$CEBP_Q2,V$HMGIY_Q6,FALSE,TRUE,V$CEBP_Q2V$HMGIY_Q6
V$CEBP_Q2,V$IRF_Q6_01,FALSE,FALSE,V$CEBP_Q2V$IRF_Q6_01
V$CEBP_Q2,V$MYB_Q3,TRUE,TRUE,V$CEBP_Q2V$MYB_Q3
V$CEBP_Q2,V$MYCMAX_B,FALSE,TRUE,V$CEBP_Q2V$MYCMAX_B
V$CEBP_Q2,V$OCT_Q6,FALSE,TRUE,V$CEBP_Q2V$OCT_Q6
V$CEBP_Q2,V$SF1_Q6,FALSE,FALSE,V$CEBP_Q2V$SF1_Q6
V$CEBP_Q2,V$SMAD4_Q6,FALSE,TRUE,V$CEBP_Q2V$SMAD4_Q6
V$CEBP_Q2,V$STAT5B_01,FALSE,FALSE,V$CEBP_Q2V$STAT5B_01
V$CEBP_Q3,V$CETS1P54_01,TRUE,FALSE,V$CEBP_Q3V$CETS1P54_01
V$CEBP_Q3,V$EGR_Q6,FALSE,TRUE,V$CEBP_Q3V$EGR_Q6
V$CEBP_Q3,V$ETS_Q6,TRUE,FALSE,V$CEBP_Q3V$ETS_Q6
V$CEBP_Q3,V$GR_Q6_01,TRUE,TRUE,V$CEBP_Q3V$GR_Q6_01
V$CEBP_Q3,V$GRE_C,TRUE,TRUE,V$CEBP_Q3V$GRE_C
V$CEBP_Q3,V$MAF_Q6_01,FALSE,TRUE,V$CEBP_Q3V$MAF_Q6_01
V$CEBPA_01,V$CEBP_Q2,FALSE,TRUE,V$CEBPA_01V$CEBP_Q2
V$CEBPA_01,V$CEBP_Q2_01,FALSE,TRUE,V$CEBPA_01V$CEBP_Q2_01
V$CEBPA_01,V$COUP_01,FALSE,FALSE,V$CEBPA_01V$COUP_01
V$CEBPA_01,V$CREL_01,FALSE,FALSE,V$CEBPA_01V$CREL_01
V$CEBPA_01,V$EFC_Q6,FALSE,FALSE,V$CEBPA_01V$EFC_Q6
V$CEBPA_01,V$ER_Q6_02,FALSE,TRUE,V$CEBPA_01V$ER_Q6_02
V$CEBPA_01,V$ETS_Q4,TRUE,FALSE,V$CEBPA_01V$ETS_Q4
V$CEBPA_01,V$MYCMAX_B,FALSE,TRUE,V$CEBPA_01V$MYCMAX_B
V$CEBPA_01,V$SP1_Q4_01,FALSE,FALSE,V$CEBPA_01V$SP1_Q4_01
V$CEBPB_01,V$CEBP_Q2,TRUE,TRUE,V$CEBPB_01V$CEBP_Q2
V$CEBPB_01,V$CEBP_Q2_01,TRUE,TRUE,V$CEBPB_01V$CEBP_Q2_01
V$CEBPB_01,V$CEBPB_02,TRUE,TRUE,V$CEBPB_01V$CEBPB_02
V$CEBPB_01,V$EGR_Q6,FALSE,TRUE,V$CEBPB_01V$EGR_Q6
V$CEBPB_01,V$GATA_Q6,FALSE,FALSE,V$CEBPB_01V$GATA_Q6
V$CEBPB_01,V$HMGIY_Q6,FALSE,TRUE,V$CEBPB_01V$HMGIY_Q6
V$CEBPB_01,V$IPF1_Q4,FALSE,FALSE,V$CEBPB_01V$IPF1_Q4
V$CEBPB_01,V$IRF_Q6_01,FALSE,FALSE,V$CEBPB_01V$IRF_Q6_01
V$CEBPB_01,V$NFAT_Q4_01,TRUE,FALSE,V$CEBPB_01V$NFAT_Q4_01
V$CEBPB_01,V$OCT_Q6,FALSE,FALSE,V$CEBPB_01V$OCT_Q6
V$CEBPB_01,V$PIT1_Q6,FALSE,FALSE,V$CEBPB_01V$PIT1_Q6
V$CEBPB_01,V$STAT6_01,TRUE,FALSE,V$CEBPB_01V$STAT6_01
V$CEBPB_02,V$CEBP_Q2_01,TRUE,TRUE,V$CEBPB_02V$CEBP_Q2_01
V$CEBPB_02,V$EGR_Q6,FALSE,TRUE,V$CEBPB_02V$EGR_Q6
V$CEBPB_02,V$LEF1TCF1_Q4,FALSE,FALSE,V$CEBPB_02V$LEF1TCF1_Q4
V$CEBPB_02,V$MYB_Q6,FALSE,TRUE,V$CEBPB_02V$MYB_Q6
V$CEBPB_02,V$MYCMAX_B,FALSE,TRUE,V$CEBPB_02V$MYCMAX_B
V$CEBPB_02,V$PEBP_Q6,FALSE,TRUE,V$CEBPB_02V$PEBP_Q6
V$CETS168_Q6,V$CETS1P54_01,TRUE,FALSE,V$CETS168_Q6V$CETS1P54_01
V$CETS168_Q6,V$CP2_01,FALSE,FALSE,V$CETS168_Q6V$CP2_01
V$CETS168_Q6,V$CP2_02,FALSE,FALSE,V$CETS168_Q6V$CP2_02
V$CETS168_Q6,V$GATA_Q6,FALSE,FALSE,V$CETS168_Q6V$GATA_Q6
V$CETS168_Q6,V$HMGIY_Q6,FALSE,FALSE,V$CETS168_Q6V$HMGIY_Q6
V$CETS168_Q6,V$HNF4_01,FALSE,FALSE,V$CETS168_Q6V$HNF4_01
V$CETS168_Q6,V$NF1_Q6,FALSE,FALSE,V$CETS168_Q6V$NF1_Q6
V$CETS168_Q6,V$NFKB_C,TRUE,FALSE,V$CETS168_Q6V$NFKB_C
V$CETS168_Q6,V$PPARA_02,FALSE,FALSE,V$CETS168_Q6V$PPARA_02
V$CETS168_Q6,V$SP1_Q2_01,TRUE,FALSE,V$CETS168_Q6V$SP1_Q2_01
V$CETS168_Q6,V$STAT_Q6,TRUE,FALSE,V$CETS168_Q6V$STAT_Q6
V$CETS168_Q6,V$STAT6_01,FALSE,FALSE,V$CETS168_Q6V$STAT6_01
V$CETS1P54_01,V$CMYB_01,TRUE,FALSE,V$CETS1P54_01V$CMYB_01
V$CETS1P54_01,V$DR1_Q3,FALSE,FALSE,V$CETS1P54_01V$DR1_Q3
V$CETS1P54_01,V$DR3_Q4,TRUE,FALSE,V$CETS1P54_01V$DR3_Q4
V$CETS1P54_01,V$ER_Q6,FALSE,FALSE,V$CETS1P54_01V$ER_Q6
V$CETS1P54_01,V$ETS_Q4,TRUE,TRUE,V$CETS1P54_01V$ETS_Q4
V$CETS1P54_01,V$ETS_Q6,TRUE,TRUE,V$CETS1P54_01V$ETS_Q6
V$CETS1P54_01,V$FOX_Q2,FALSE,FALSE,V$CETS1P54_01V$FOX_Q2
V$CETS1P54_01,V$GR_Q6,TRUE,FALSE,V$CETS1P54_01V$GR_Q6
V$CETS1P54_01,V$GR_Q6_01,TRUE,FALSE,V$CETS1P54_01V$GR_Q6_01
V$CETS1P54_01,V$GRE_C,TRUE,FALSE,V$CETS1P54_01V$GRE_C
V$CETS1P54_01,V$HMGIY_Q6,FALSE,FALSE,V$CETS1P54_01V$HMGIY_Q6
V$CETS1P54_01,V$HNF1_Q6,FALSE,FALSE,V$CETS1P54_01V$HNF1_Q6
V$CETS1P54_01,V$HNF3_Q6,FALSE,FALSE,V$CETS1P54_01V$HNF3_Q6
V$CETS1P54_01,V$IRF_Q6_01,FALSE,FALSE,V$CETS1P54_01V$IRF_Q6_01
V$CETS1P54_01,V$LEF1TCF1_Q4,FALSE,FALSE,V$CETS1P54_01V$LEF1TCF1_Q4
V$CETS1P54_01,V$MAF_Q6_01,FALSE,TRUE,V$CETS1P54_01V$MAF_Q6_01
V$CETS1P54_01,V$MYB_Q5_01,TRUE,FALSE,V$CETS1P54_01V$MYB_Q5_01
V$CETS1P54_01,V$MYCMAX_B,FALSE,FALSE,V$CETS1P54_01V$MYCMAX_B
V$CETS1P54_01,V$NF1_Q6,FALSE,FALSE,V$CETS1P54_01V$NF1_Q6
V$CETS1P54_01,V$NF1_Q6_01,FALSE,FALSE,V$CETS1P54_01V$NF1_Q6_01
V$CETS1P54_01,V$NFKB_Q6,TRUE,FALSE,V$CETS1P54_01V$NFKB_Q6
V$CETS1P54_01,V$PU1_Q6,TRUE,TRUE,V$CETS1P54_01V$PU1_Q6
V$CETS1P54_01,V$SF1_Q6,FALSE,FALSE,V$CETS1P54_01V$SF1_Q6
V$CETS1P54_01,V$SP1_01,TRUE,FALSE,V$CETS1P54_01V$SP1_01
V$CETS1P54_01,V$STAT_Q6,TRUE,FALSE,V$CETS1P54_01V$STAT_Q6
V$CETS1P54_01,V$STAT6_01,FALSE,FALSE,V$CETS1P54_01V$STAT6_01
V$CHOP_01,V$DR4_Q2,FALSE,FALSE,V$CHOP_01V$DR4_Q2
V$CHOP_01,V$PIT1_Q6,FALSE,FALSE,V$CHOP_01V$PIT1_Q6
V$CMYB_01,V$CREL_01,FALSE,FALSE,V$CMYB_01V$CREL_01
V$CMYB_01,V$DR3_Q4,FALSE,FALSE,V$CMYB_01V$DR3_Q4
V$CMYB_01,V$ELK1_01,FALSE,FALSE,V$CMYB_01V$ELK1_01
V$CMYB_01,V$ELK1_02,FALSE,FALSE,V$CMYB_01V$ELK1_02
V$CMYB_01,V$ETS_Q4,TRUE,FALSE,V$CMYB_01V$ETS_Q4
V$CMYB_01,V$GATA_Q6,FALSE,TRUE,V$CMYB_01V$GATA_Q6
V$CMYB_01,V$GR_Q6_01,FALSE,FALSE,V$CMYB_01V$GR_Q6_01
V$CMYB_01,V$LEF1TCF1_Q4,FALSE,TRUE,V$CMYB_01V$LEF1TCF1_Q4
V$CMYB_01,V$NF1_Q6,FALSE,FALSE,V$CMYB_01V$NF1_Q6
V$CMYB_01,V$NF1_Q6_01,FALSE,FALSE,V$CMYB_01V$NF1_Q6_01
V$CMYB_01,V$NFAT_Q4_01,FALSE,FALSE,V$CMYB_01V$NFAT_Q4_01
V$CMYB_01,V$NFAT_Q6,FALSE,FALSE,V$CMYB_01V$NFAT_Q6
V$CMYB_01,V$NFY_C,FALSE,FALSE,V$CMYB_01V$NFY_C
V$CMYB_01,V$OCT_Q6,FALSE,FALSE,V$CMYB_01V$OCT_Q6
V$CMYB_01,V$PU1_Q6,FALSE,FALSE,V$CMYB_01V$PU1_Q6
V$COUP_01,V$DR3_Q4,FALSE,TRUE,V$COUP_01V$DR3_Q4
V$COUP_01,V$NF1_Q6,FALSE,FALSE,V$COUP_01V$NF1_Q6
V$COUP_01,V$OCT1_04,FALSE,FALSE,V$COUP_01V$OCT1_04
V$CP2_01,V$CREL_01,FALSE,FALSE,V$CP2_01V$CREL_01
V$CP2_01,V$GR_Q6,FALSE,FALSE,V$CP2_01V$GR_Q6
V$CP2_01,V$HNF1_Q6,FALSE,FALSE,V$CP2_01V$HNF1_Q6
V$CP2_01,V$NFKAPPAB65_01,TRUE,FALSE,V$CP2_01V$NFKAPPAB65_01
V$CP2_01,V$NFY_Q6_01,FALSE,FALSE,V$CP2_01V$NFY_Q6_01
V$CP2_01,V$SF1_Q6,FALSE,FALSE,V$CP2_01V$SF1_Q6
V$CP2_01,V$SP1_Q6,FALSE,FALSE,V$CP2_01V$SP1_Q6
V$CP2_01,V$SREBP_Q3,FALSE,FALSE,V$CP2_01V$SREBP_Q3
V$CP2_02,V$CREL_01,FALSE,FALSE,V$CP2_02V$CREL_01
V$CP2_02,V$DR1_Q3,FALSE,FALSE,V$CP2_02V$DR1_Q3
V$CP2_02,V$ETS_Q4,FALSE,FALSE,V$CP2_02V$ETS_Q4
V$CP2_02,V$HNF4ALPHA_Q6,FALSE,FALSE,V$CP2_02V$HNF4ALPHA_Q6
V$CP2_02,V$PEBP_Q6,FALSE,FALSE,V$CP2_02V$PEBP_Q6
V$CP2_02,V$SF1_Q6,FALSE,FALSE,V$CP2_02V$SF1_Q6
V$CP2_02,V$SP1_Q6_01,FALSE,FALSE,V$CP2_02V$SP1_Q6_01
V$CREB_02,V$SMAD3_Q6,TRUE,FALSE,V$CREB_02V$SMAD3_Q6
V$CREB_Q2,V$EGR_Q6,FALSE,FALSE,V$CREB_Q2V$EGR_Q6
V$CREB_Q2,V$HNF1_Q6,FALSE,TRUE,V$CREB_Q2V$HNF1_Q6
V$CREB_Q2,V$NFKAPPAB_01,FALSE,FALSE,V$CREB_Q2V$NFKAPPAB_01
V$CREB_Q2,V$OCT1_02,FALSE,TRUE,V$CREB_Q2V$OCT1_02
V$CREB_Q3,V$ELF1_Q6,FALSE,FALSE,V$CREB_Q3V$ELF1_Q6
V$CREB_Q3,V$ETS_Q4,TRUE,TRUE,V$CREB_Q3V$ETS_Q4
V$CREB_Q3,V$GR_Q6,FALSE,TRUE,V$CREB_Q3V$GR_Q6
V$CREB_Q3,V$GRE_C,FALSE,TRUE,V$CREB_Q3V$GRE_C
V$CREB_Q3,V$IRF_Q6,TRUE,FALSE,V$CREB_Q3V$IRF_Q6
V$CREB_Q3,V$NF1_Q6_01,FALSE,FALSE,V$CREB_Q3V$NF1_Q6_01
V$CREB_Q3,V$NFAT_Q6,FALSE,FALSE,V$CREB_Q3V$NFAT_Q6
V$CREB_Q3,V$NFKB_Q6_01,TRUE,TRUE,V$CREB_Q3V$NFKB_Q6_01
V$CREB_Q3,V$PU1_Q6,TRUE,TRUE,V$CREB_Q3V$PU1_Q6
V$CREB_Q3,V$SOX9_B1,FALSE,FALSE,V$CREB_Q3V$SOX9_B1
V$CREB_Q3,V$SP1_Q6_01,FALSE,FALSE,V$CREB_Q3V$SP1_Q6_01
V$CREB_Q3,V$STAT6_01,FALSE,FALSE,V$CREB_Q3V$STAT6_01
V$CREB_Q4_01,V$ER_Q6,FALSE,FALSE,V$CREB_Q4_01V$ER_Q6
V$CREB_Q4_01,V$ER_Q6_02,FALSE,FALSE,V$CREB_Q4_01V$ER_Q6_02
V$CREBP1CJUN_01,V$IRF_Q6,FALSE,FALSE,V$CREBP1CJUN_01V$IRF_Q6
V$CREBP1CJUN_01,V$NF1_Q6,FALSE,FALSE,V$CREBP1CJUN_01V$NF1_Q6
V$CREBP1CJUN_01,V$NF1_Q6_01,FALSE,FALSE,V$CREBP1CJUN_01V$NF1_Q6_01
V$CREBP1CJUN_01,V$SOX9_B1,FALSE,FALSE,V$CREBP1CJUN_01V$SOX9_B1
V$CREBP1CJUN_01,V$USF_Q6_01,FALSE,FALSE,V$CREBP1CJUN_01V$USF_Q6_01
V$CREL_01,V$DR3_Q4,FALSE,FALSE,V$CREL_01V$DR3_Q4
V$CREL_01,V$E2A_Q6,FALSE,FALSE,V$CREL_01V$E2A_Q6
V$CREL_01,V$ER_Q6,FALSE,FALSE,V$CREL_01V$ER_Q6
V$CREL_01,V$ETS_Q4,FALSE,TRUE,V$CREL_01V$ETS_Q4
V$CREL_01,V$ETS_Q6,FALSE,TRUE,V$CREL_01V$ETS_Q6
V$CREL_01,V$MYB_Q5_01,FALSE,FALSE,V$CREL_01V$MYB_Q5_01
V$CREL_01,V$NFKAPPAB65_01,FALSE,TRUE,V$CREL_01V$NFKAPPAB65_01
V$CREL_01,V$PEBP_Q6,FALSE,FALSE,V$CREL_01V$PEBP_Q6
V$CREL_01,V$PR_Q2,FALSE,FALSE,V$CREL_01V$PR_Q2
V$CREL_01,V$PU1_Q6,FALSE,FALSE,V$CREL_01V$PU1_Q6
V$CREL_01,V$SF1_Q6,FALSE,FALSE,V$CREL_01V$SF1_Q6
V$CREL_01,V$SMAD_Q6_01,FALSE,FALSE,V$CREL_01V$SMAD_Q6_01
V$CREL_01,V$STAT_01,TRUE,FALSE,V$CREL_01V$STAT_01
V$DR1_Q3,V$EBF_Q6,FALSE,FALSE,V$DR1_Q3V$EBF_Q6
V$DR1_Q3,V$ELF1_Q6,FALSE,FALSE,V$DR1_Q3V$ELF1_Q6
V$DR1_Q3,V$GATA_C,FALSE,FALSE,V$DR1_Q3V$GATA_C
V$DR1_Q3,V$GRE_C,FALSE,TRUE,V$DR1_Q3V$GRE_C
V$DR1_Q3,V$MYCMAX_B,FALSE,FALSE,V$DR1_Q3V$MYCMAX_B
V$DR1_Q3,V$NF1_Q6,FALSE,FALSE,V$DR1_Q3V$NF1_Q6
V$DR1_Q3,V$NFAT_Q4_01,FALSE,FALSE,V$DR1_Q3V$NFAT_Q4_01
V$DR1_Q3,V$PEBP_Q6,FALSE,FALSE,V$DR1_Q3V$PEBP_Q6
V$DR1_Q3,V$SF1_Q6,FALSE,FALSE,V$DR1_Q3V$SF1_Q6
V$DR1_Q3,V$SMAD_Q6_01,FALSE,TRUE,V$DR1_Q3V$SMAD_Q6_01
V$DR1_Q3,V$SMAD3_Q6,FALSE,TRUE,V$DR1_Q3V$SMAD3_Q6
V$DR1_Q3,V$SP1_Q2_01,TRUE,TRUE,V$DR1_Q3V$SP1_Q2_01
V$DR1_Q3,V$SREBP_Q3,FALSE,TRUE,V$DR1_Q3V$SREBP_Q3
V$DR1_Q3,V$USF_C,FALSE,FALSE,V$DR1_Q3V$USF_C
V$DR1_Q3,V$USF_Q6_01,TRUE,FALSE,V$DR1_Q3V$USF_Q6_01
V$DR3_Q4,V$ETS_Q4,TRUE,FALSE,V$DR3_Q4V$ETS_Q4
V$DR3_Q4,V$GR_Q6_01,FALSE,TRUE,V$DR3_Q4V$GR_Q6_01
V$DR3_Q4,V$IRF_Q6,FALSE,FALSE,V$DR3_Q4V$IRF_Q6
V$DR3_Q4,V$POU1F1_Q6,FALSE,TRUE,V$DR3_Q4V$POU1F1_Q6
V$DR3_Q4,V$STAT_Q6,FALSE,TRUE,V$DR3_Q4V$STAT_Q6
V$DR3_Q4,V$STAT6_01,FALSE,FALSE,V$DR3_Q4V$STAT6_01
V$DR4_Q2,V$EGR_Q6,FALSE,FALSE,V$DR4_Q2V$EGR_Q6
V$DR4_Q2,V$NF1_Q6,FALSE,FALSE,V$DR4_Q2V$NF1_Q6
V$DR4_Q2,V$NF1_Q6_01,FALSE,FALSE,V$DR4_Q2V$NF1_Q6_01
V$E2A_Q2,V$E2F_Q3_01,FALSE,FALSE,V$E2A_Q2V$E2F_Q3_01
V$E2A_Q2,V$ER_Q6_02,FALSE,TRUE,V$E2A_Q2V$ER_Q6_02
V$E2A_Q2,V$GRE_C,FALSE,FALSE,V$E2A_Q2V$GRE_C
V$E2A_Q2,V$HNF4_Q6,FALSE,TRUE,V$E2A_Q2V$HNF4_Q6
V$E2A_Q2,V$IRF_Q6,FALSE,FALSE,V$E2A_Q2V$IRF_Q6
V$E2A_Q2,V$KROX_Q6,FALSE,FALSE,V$E2A_Q2V$KROX_Q6
V$E2A_Q2,V$NFKAPPAB65_01,FALSE,FALSE,V$E2A_Q2V$NFKAPPAB65_01
V$E2A_Q2,V$NFY_01,FALSE,FALSE,V$E2A_Q2V$NFY_01
V$E2A_Q2,V$SMAD_Q6_01,FALSE,TRUE,V$E2A_Q2V$SMAD_Q6_01
V$E2A_Q6,V$ELF1_Q6,FALSE,FALSE,V$E2A_Q6V$ELF1_Q6
V$E2A_Q6,V$ER_Q6,FALSE,TRUE,V$E2A_Q6V$ER_Q6
V$E2A_Q6,V$ETS1_B,FALSE,TRUE,V$E2A_Q6V$ETS1_B
V$E2A_Q6,V$HNF3_Q6,FALSE,FALSE,V$E2A_Q6V$HNF3_Q6
V$E2A_Q6,V$HNF4_Q6,FALSE,TRUE,V$E2A_Q6V$HNF4_Q6
V$E2A_Q6,V$KROX_Q6,FALSE,FALSE,V$E2A_Q6V$KROX_Q6
V$E2A_Q6,V$MYCMAX_B,FALSE,TRUE,V$E2A_Q6V$MYCMAX_B
V$E2A_Q6,V$NF1_Q6_01,FALSE,FALSE,V$E2A_Q6V$NF1_Q6_01
V$E2A_Q6,V$NFKB_Q6,FALSE,FALSE,V$E2A_Q6V$NFKB_Q6
V$E2A_Q6,V$PEBP_Q6,FALSE,TRUE,V$E2A_Q6V$PEBP_Q6
V$E2A_Q6,V$SMAD_Q6_01,FALSE,TRUE,V$E2A_Q6V$SMAD_Q6_01
V$E2A_Q6,V$SP1_Q2_01,TRUE,TRUE,V$E2A_Q6V$SP1_Q2_01
V$E2A_Q6,V$SP1_Q4_01,TRUE,TRUE,V$E2A_Q6V$SP1_Q4_01
V$E2A_Q6,V$SP1_Q6,TRUE,TRUE,V$E2A_Q6V$SP1_Q6
V$E2A_Q6,V$SP1_Q6_01,TRUE,TRUE,V$E2A_Q6V$SP1_Q6_01
V$E2F_03,V$HIF1_Q5,FALSE,FALSE,V$E2F_03V$HIF1_Q5
V$E2F_Q3_01,V$E2F_Q4_01,TRUE,TRUE,V$E2F_Q3_01V$E2F_Q4_01
V$E2F_Q3_01,V$EGR_Q6,FALSE,FALSE,V$E2F_Q3_01V$EGR_Q6
V$E2F_Q3_01,V$ER_Q6_02,FALSE,TRUE,V$E2F_Q3_01V$ER_Q6_02
V$E2F_Q3_01,V$GRE_C,FALSE,FALSE,V$E2F_Q3_01V$GRE_C
V$E2F_Q3_01,V$PEBP_Q6,FALSE,FALSE,V$E2F_Q3_01V$PEBP_Q6
V$E2F_Q3_01,V$SMAD_Q6_01,FALSE,TRUE,V$E2F_Q3_01V$SMAD_Q6_01
V$E2F_Q3_01,V$SMAD3_Q6,FALSE,TRUE,V$E2F_Q3_01V$SMAD3_Q6
V$E2F_Q3_01,V$SREBP_Q3,FALSE,FALSE,V$E2F_Q3_01V$SREBP_Q3
V$E2F_Q4_01,V$NF1_Q6,FALSE,FALSE,V$E2F_Q4_01V$NF1_Q6
V$E2F_Q4_01,V$NF1_Q6_01,FALSE,FALSE,V$E2F_Q4_01V$NF1_Q6_01
V$E2F1_Q4,V$NFY_01,FALSE,FALSE,V$E2F1_Q4V$NFY_01
V$E2F1_Q4,V$SMAD_Q6_01,FALSE,FALSE,V$E2F1_Q4V$SMAD_Q6_01
V$EBF_Q6,V$NFKAPPAB65_01,FALSE,FALSE,V$EBF_Q6V$NFKAPPAB65_01
V$EBF_Q6,V$SMAD3_Q6,FALSE,FALSE,V$EBF_Q6V$SMAD3_Q6
V$EFC_Q6,V$GATA_Q6,FALSE,FALSE,V$EFC_Q6V$GATA_Q6
V$EFC_Q6,V$GRE_C,FALSE,FALSE,V$EFC_Q6V$GRE_C
V$EFC_Q6,V$HIF1_Q5,FALSE,FALSE,V$EFC_Q6V$HIF1_Q5
V$EGR_Q6,V$ELK1_01,FALSE,FALSE,V$EGR_Q6V$ELK1_01
V$EGR_Q6,V$ER_Q6_02,FALSE,FALSE,V$EGR_Q6V$ER_Q6_02
V$EGR_Q6,V$GR_Q6,FALSE,FALSE,V$EGR_Q6V$GR_Q6
V$EGR_Q6,V$IRF_Q6,FALSE,FALSE,V$EGR_Q6V$IRF_Q6
V$EGR_Q6,V$MAF_Q6_01,FALSE,FALSE,V$EGR_Q6V$MAF_Q6_01
V$EGR_Q6,V$NFKAPPAB65_01,FALSE,TRUE,V$EGR_Q6V$NFKAPPAB65_01
V$EGR_Q6,V$NFY_C,FALSE,FALSE,V$EGR_Q6V$NFY_C
V$EGR_Q6,V$SMAD_Q6_01,FALSE,FALSE,V$EGR_Q6V$SMAD_Q6_01
V$ELF1_Q6,V$ETS_Q4,FALSE,FALSE,V$ELF1_Q6V$ETS_Q4
V$ELF1_Q6,V$GATA_Q6,FALSE,FALSE,V$ELF1_Q6V$GATA_Q6
V$ELF1_Q6,V$GR_Q6_01,FALSE,FALSE,V$ELF1_Q6V$GR_Q6_01
V$ELF1_Q6,V$LEF1_Q2,FALSE,FALSE,V$ELF1_Q6V$LEF1_Q2
V$ELF1_Q6,V$LEF1TCF1_Q4,FALSE,FALSE,V$ELF1_Q6V$LEF1TCF1_Q4
V$ELF1_Q6,V$NFY_C,FALSE,TRUE,V$ELF1_Q6V$NFY_C
V$ELF1_Q6,V$NFY_Q6_01,FALSE,TRUE,V$ELF1_Q6V$NFY_Q6_01
V$ELF1_Q6,V$PIT1_Q6,FALSE,FALSE,V$ELF1_Q6V$PIT1_Q6
V$ELF1_Q6,V$PR_Q2,FALSE,FALSE,V$ELF1_Q6V$PR_Q2
V$ELF1_Q6,V$PU1_Q6,FALSE,FALSE,V$ELF1_Q6V$PU1_Q6
V$ELF1_Q6,V$STAT6_01,FALSE,FALSE,V$ELF1_Q6V$STAT6_01
V$ELK1_02,V$ER_Q6,FALSE,FALSE,V$ELK1_02V$ER_Q6
V$ELK1_02,V$ETS_Q4,FALSE,TRUE,V$ELK1_02V$ETS_Q4
V$ELK1_02,V$GATA_C,FALSE,FALSE,V$ELK1_02V$GATA_C
V$ELK1_02,V$GATA_Q6,FALSE,FALSE,V$ELK1_02V$GATA_Q6
V$ELK1_02,V$GR_Q6_01,FALSE,FALSE,V$ELK1_02V$GR_Q6_01
V$ELK1_02,V$HMGIY_Q6,FALSE,FALSE,V$ELK1_02V$HMGIY_Q6
V$ELK1_02,V$MAF_Q6_01,FALSE,FALSE,V$ELK1_02V$MAF_Q6_01
V$ELK1_02,V$NF1_Q6,FALSE,FALSE,V$ELK1_02V$NF1_Q6
V$ELK1_02,V$NF1_Q6_01,FALSE,FALSE,V$ELK1_02V$NF1_Q6_01
V$ELK1_02,V$SMAD_Q6_01,FALSE,FALSE,V$ELK1_02V$SMAD_Q6_01
V$ELK1_02,V$VMYB_01,FALSE,FALSE,V$ELK1_02V$VMYB_01
V$ER_Q6_02,V$GR_Q6_01,FALSE,FALSE,V$ER_Q6_02V$GR_Q6_01
V$ER_Q6_02,V$PPARA_02,FALSE,TRUE,V$ER_Q6_02V$PPARA_02
V$ER_Q6_02,V$SMAD3_Q6,FALSE,TRUE,V$ER_Q6_02V$SMAD3_Q6
V$ER_Q6_02,V$SP1_Q2_01,TRUE,TRUE,V$ER_Q6_02V$SP1_Q2_01
V$ER_Q6,V$LEF1TCF1_Q4,FALSE,FALSE,V$ER_Q6V$LEF1TCF1_Q4
V$ER_Q6,V$MYB_Q5_01,FALSE,FALSE,V$ER_Q6V$MYB_Q5_01
V$ER_Q6,V$NFAT_Q4_01,FALSE,FALSE,V$ER_Q6V$NFAT_Q4_01
V$ER_Q6,V$NFKAPPAB65_01,FALSE,TRUE,V$ER_Q6V$NFKAPPAB65_01
V$ER_Q6,V$PPARA_02,FALSE,TRUE,V$ER_Q6V$PPARA_02
V$ER_Q6,V$PU1_Q6,FALSE,FALSE,V$ER_Q6V$PU1_Q6
V$ER_Q6,V$SF1_Q6,FALSE,FALSE,V$ER_Q6V$SF1_Q6
V$ER_Q6,V$SP1_Q2_01,TRUE,TRUE,V$ER_Q6V$SP1_Q2_01
V$ETS_Q4,V$ETS_Q6,TRUE,TRUE,V$ETS_Q4V$ETS_Q6
V$ETS_Q4,V$GR_Q6,TRUE,TRUE,V$ETS_Q4V$GR_Q6
V$ETS_Q4,V$GR_Q6_01,TRUE,TRUE,V$ETS_Q4V$GR_Q6_01
V$ETS_Q4,V$GRE_C,TRUE,TRUE,V$ETS_Q4V$GRE_C
V$ETS_Q4,V$HNF4_01,FALSE,FALSE,V$ETS_Q4V$HNF4_01
V$ETS_Q4,V$HNF4_Q6,FALSE,FALSE,V$ETS_Q4V$HNF4_Q6
V$ETS_Q4,V$MAF_Q6_01,FALSE,TRUE,V$ETS_Q4V$MAF_Q6_01
V$ETS_Q4,V$MYB_Q3,TRUE,FALSE,V$ETS_Q4V$MYB_Q3
V$ETS_Q4,V$MYB_Q5_01,TRUE,FALSE,V$ETS_Q4V$MYB_Q5_01
V$ETS_Q4,V$MYCMAX_B,FALSE,FALSE,V$ETS_Q4V$MYCMAX_B
V$ETS_Q4,V$NF1_Q6_01,FALSE,FALSE,V$ETS_Q4V$NF1_Q6_01
V$ETS_Q4,V$NFAT_Q4_01,FALSE,FALSE,V$ETS_Q4V$NFAT_Q4_01
V$ETS_Q4,V$PEBP_Q6,FALSE,TRUE,V$ETS_Q4V$PEBP_Q6
V$ETS_Q4,V$PR_Q2,TRUE,TRUE,V$ETS_Q4V$PR_Q2
V$ETS_Q4,V$PU1_Q6,TRUE,TRUE,V$ETS_Q4V$PU1_Q6
V$ETS_Q4,V$SF1_Q6,FALSE,FALSE,V$ETS_Q4V$SF1_Q6
V$ETS_Q4,V$SMAD_Q6_01,TRUE,TRUE,V$ETS_Q4V$SMAD_Q6_01
V$ETS_Q4,V$SOX9_B1,FALSE,FALSE,V$ETS_Q4V$SOX9_B1
V$ETS_Q4,V$SP1_Q4_01,TRUE,TRUE,V$ETS_Q4V$SP1_Q4_01
V$ETS_Q4,V$STAT_Q6,TRUE,FALSE,V$ETS_Q4V$STAT_Q6
V$ETS_Q4,V$STAT5B_01,FALSE,FALSE,V$ETS_Q4V$STAT5B_01
V$ETS_Q6,V$GR_Q6_01,TRUE,TRUE,V$ETS_Q6V$GR_Q6_01
V$ETS_Q6,V$HMGIY_Q6,FALSE,TRUE,V$ETS_Q6V$HMGIY_Q6
V$ETS_Q6,V$MAF_Q6_01,FALSE,TRUE,V$ETS_Q6V$MAF_Q6_01
V$ETS_Q6,V$MYB_Q5_01,TRUE,FALSE,V$ETS_Q6V$MYB_Q5_01
V$ETS_Q6,V$MYCMAX_B,FALSE,FALSE,V$ETS_Q6V$MYCMAX_B
V$ETS_Q6,V$NFAT_Q4_01,FALSE,FALSE,V$ETS_Q6V$NFAT_Q4_01
V$ETS_Q6,V$NFKB_Q6,TRUE,TRUE,V$ETS_Q6V$NFKB_Q6
V$ETS_Q6,V$PEBP_Q6,FALSE,TRUE,V$ETS_Q6V$PEBP_Q6
V$ETS_Q6,V$PR_Q2,TRUE,TRUE,V$ETS_Q6V$PR_Q2
V$ETS_Q6,V$PU1_Q6,TRUE,TRUE,V$ETS_Q6V$PU1_Q6
V$ETS_Q6,V$SMAD_Q6_01,TRUE,FALSE,V$ETS_Q6V$SMAD_Q6_01
V$ETS_Q6,V$STAT6_01,FALSE,FALSE,V$ETS_Q6V$STAT6_01
V$ETS1_B,V$ETS_Q4,TRUE,TRUE,V$ETS1_BV$ETS_Q4
V$ETS1_B,V$GR_Q6_01,TRUE,TRUE,V$ETS1_BV$GR_Q6_01
V$ETS1_B,V$IRF_Q6_01,FALSE,FALSE,V$ETS1_BV$IRF_Q6_01
V$ETS1_B,V$LEF1TCF1_Q4,FALSE,FALSE,V$ETS1_BV$LEF1TCF1_Q4
V$ETS1_B,V$MAF_Q6_01,FALSE,TRUE,V$ETS1_BV$MAF_Q6_01
V$ETS1_B,V$NF1_Q6_01,FALSE,FALSE,V$ETS1_BV$NF1_Q6_01
V$ETS1_B,V$NFAT_Q6,FALSE,FALSE,V$ETS1_BV$NFAT_Q6
V$ETS1_B,V$OCT_Q6,FALSE,FALSE,V$ETS1_BV$OCT_Q6
V$ETS1_B,V$SF1_Q6,FALSE,FALSE,V$ETS1_BV$SF1_Q6
V$ETS1_B,V$USF_Q6_01,FALSE,FALSE,V$ETS1_BV$USF_Q6_01
V$FOX_Q2,V$HMGIY_Q6,FALSE,FALSE,V$FOX_Q2V$HMGIY_Q6
V$FOX_Q2,V$MYB_Q6,FALSE,FALSE,V$FOX_Q2V$MYB_Q6
V$FOX_Q2,V$NFAT_Q4_01,FALSE,FALSE,V$FOX_Q2V$NFAT_Q4_01
V$FOX_Q2,V$OCT1_04,FALSE,FALSE,V$FOX_Q2V$OCT1_04
V$FOX_Q2,V$PEBP_Q6,FALSE,FALSE,V$FOX_Q2V$PEBP_Q6
V$FOX_Q2,V$SF1_Q6,FALSE,FALSE,V$FOX_Q2V$SF1_Q6
V$GATA_C,V$GR_Q6_01,FALSE,FALSE,V$GATA_CV$GR_Q6_01
V$GATA_C,V$NFKB_C,FALSE,FALSE,V$GATA_CV$NFKB_C
V$GATA_C,V$PEBP_Q6,FALSE,FALSE,V$GATA_CV$PEBP_Q6
V$GATA_Q6,V$HNF4_Q6,TRUE,FALSE,V$GATA_Q6V$HNF4_Q6
V$GATA_Q6,V$MYB_Q3,FALSE,TRUE,V$GATA_Q6V$MYB_Q3
V$GATA_Q6,V$NF1_Q6,FALSE,FALSE,V$GATA_Q6V$NF1_Q6
V$GATA_Q6,V$NF1_Q6_01,FALSE,FALSE,V$GATA_Q6V$NF1_Q6_01
V$GATA_Q6,V$NFKB_Q6,FALSE,FALSE,V$GATA_Q6V$NFKB_Q6
V$GATA_Q6,V$NFKB_Q6_01,FALSE,FALSE,V$GATA_Q6V$NFKB_Q6_01
V$GR_Q6_01,V$IRF_Q6,FALSE,FALSE,V$GR_Q6_01V$IRF_Q6
V$GR_Q6_01,V$MAF_Q6_01,FALSE,TRUE,V$GR_Q6_01V$MAF_Q6_01
V$GR_Q6_01,V$NFAT_Q6,FALSE,FALSE,V$GR_Q6_01V$NFAT_Q6
V$GR_Q6_01,V$NFKB_Q6_01,FALSE,TRUE,V$GR_Q6_01V$NFKB_Q6_01
V$GR_Q6_01,V$PAX5_01,FALSE,FALSE,V$GR_Q6_01V$PAX5_01
V$GR_Q6_01,V$PPARA_02,FALSE,FALSE,V$GR_Q6_01V$PPARA_02
V$GR_Q6_01,V$PR_Q2,TRUE,TRUE,V$GR_Q6_01V$PR_Q2
V$GR_Q6_01,V$PU1_Q6,FALSE,FALSE,V$GR_Q6_01V$PU1_Q6
V$GR_Q6_01,V$SF1_Q6,FALSE,FALSE,V$GR_Q6_01V$SF1_Q6
V$GR_Q6_01,V$SOX9_B1,FALSE,FALSE,V$GR_Q6_01V$SOX9_B1
V$GR_Q6,V$HNF4_Q6,FALSE,TRUE,V$GR_Q6V$HNF4_Q6
V$GR_Q6,V$NFY_C,FALSE,FALSE,V$GR_Q6V$NFY_C
V$GR_Q6,V$SOX9_B1,FALSE,FALSE,V$GR_Q6V$SOX9_B1
V$GR_Q6,V$SP1_Q6,FALSE,FALSE,V$GR_Q6V$SP1_Q6
V$GR_Q6,V$STAT6_01,FALSE,FALSE,V$GR_Q6V$STAT6_01
V$GRE_C,V$GR_Q6_01,TRUE,TRUE,V$GRE_CV$GR_Q6_01
V$GRE_C,V$MAF_Q6_01,FALSE,TRUE,V$GRE_CV$MAF_Q6_01
V$GRE_C,V$MYB_Q3,FALSE,FALSE,V$GRE_CV$MYB_Q3
V$GRE_C,V$MYB_Q6,FALSE,FALSE,V$GRE_CV$MYB_Q6
V$GRE_C,V$MYCMAX_B,FALSE,FALSE,V$GRE_CV$MYCMAX_B
V$GRE_C,V$NFKB_Q6_01,FALSE,TRUE,V$GRE_CV$NFKB_Q6_01
V$GRE_C,V$OSF2_Q6,FALSE,FALSE,V$GRE_CV$OSF2_Q6
V$GRE_C,V$PU1_Q6,FALSE,FALSE,V$GRE_CV$PU1_Q6
V$GRE_C,V$SMAD_Q6_01,FALSE,TRUE,V$GRE_CV$SMAD_Q6_01
V$GRE_C,V$SP1_Q2_01,FALSE,FALSE,V$GRE_CV$SP1_Q2_01
V$GRE_C,V$SP1_Q4_01,FALSE,FALSE,V$GRE_CV$SP1_Q4_01
V$GRE_C,V$SP1_Q6,FALSE,FALSE,V$GRE_CV$SP1_Q6
V$GRE_C,V$SREBP_Q3,FALSE,FALSE,V$GRE_CV$SREBP_Q3
V$GRE_C,V$STAT_01,TRUE,TRUE,V$GRE_CV$STAT_01
V$HIF1_Q5,V$NF1_Q6,FALSE,FALSE,V$HIF1_Q5V$NF1_Q6
V$HIF1_Q5,V$PIT1_Q6,FALSE,FALSE,V$HIF1_Q5V$PIT1_Q6
V$HMGIY_Q6,V$HNF4_Q6,FALSE,FALSE,V$HMGIY_Q6V$HNF4_Q6
V$HMGIY_Q6,V$MAF_Q6_01,FALSE,FALSE,V$HMGIY_Q6V$MAF_Q6_01
V$HMGIY_Q6,V$MYB_Q5_01,FALSE,FALSE,V$HMGIY_Q6V$MYB_Q5_01
V$HMGIY_Q6,V$MYB_Q6,FALSE,FALSE,V$HMGIY_Q6V$MYB_Q6
V$HMGIY_Q6,V$PEBP_Q6,FALSE,FALSE,V$HMGIY_Q6V$PEBP_Q6
V$HMGIY_Q6,V$PU1_Q6,FALSE,FALSE,V$HMGIY_Q6V$PU1_Q6
V$HMGIY_Q6,V$STAT_Q6,FALSE,FALSE,V$HMGIY_Q6V$STAT_Q6
V$HMGIY_Q6,V$STAT6_01,FALSE,FALSE,V$HMGIY_Q6V$STAT6_01
V$HNF1_Q6,V$ICSBP_Q6,FALSE,FALSE,V$HNF1_Q6V$ICSBP_Q6
V$HNF1_Q6,V$IRF_Q6_01,FALSE,FALSE,V$HNF1_Q6V$IRF_Q6_01
V$HNF3_Q6,V$ICSBP_Q6,FALSE,FALSE,V$HNF3_Q6V$ICSBP_Q6
V$HNF3_Q6,V$MYOD_Q6_01,FALSE,FALSE,V$HNF3_Q6V$MYOD_Q6_01
V$HNF3_Q6,V$OCT1_02,FALSE,FALSE,V$HNF3_Q6V$OCT1_02
V$HNF3_Q6,V$OSF2_Q6,FALSE,FALSE,V$HNF3_Q6V$OSF2_Q6
V$HNF3_Q6,V$PEBP_Q6,FALSE,FALSE,V$HNF3_Q6V$PEBP_Q6
V$HNF3_Q6,V$SP1_Q4_01,FALSE,FALSE,V$HNF3_Q6V$SP1_Q4_01
V$HNF3_Q6,V$SP1_Q6,FALSE,FALSE,V$HNF3_Q6V$SP1_Q6
V$HNF3_Q6,V$SP1_Q6_01,FALSE,FALSE,V$HNF3_Q6V$SP1_Q6_01
V$HNF4_01,V$SREBP_Q3,FALSE,TRUE,V$HNF4_01V$SREBP_Q3
V$HNF4_Q6,V$IRF_Q6_01,FALSE,FALSE,V$HNF4_Q6V$IRF_Q6_01
V$HNF4_Q6,V$NF1_Q6,FALSE,FALSE,V$HNF4_Q6V$NF1_Q6
V$HNF4_Q6,V$NFAT_Q6,FALSE,FALSE,V$HNF4_Q6V$NFAT_Q6
V$HNF4_Q6,V$NFKB_Q6,FALSE,FALSE,V$HNF4_Q6V$NFKB_Q6
V$HNF4_Q6,V$NFKB_Q6_01,FALSE,FALSE,V$HNF4_Q6V$NFKB_Q6_01
V$HNF4_Q6,V$STAT_Q6,FALSE,FALSE,V$HNF4_Q6V$STAT_Q6
V$HNF4ALPHA_Q6,V$IPF1_Q4,FALSE,FALSE,V$HNF4ALPHA_Q6V$IPF1_Q4
V$ICSBP_Q6,V$IRF_Q6,FALSE,TRUE,V$ICSBP_Q6V$IRF_Q6
V$ICSBP_Q6,V$LEF1_Q2,FALSE,FALSE,V$ICSBP_Q6V$LEF1_Q2
V$ICSBP_Q6,V$NF1_Q6,FALSE,FALSE,V$ICSBP_Q6V$NF1_Q6
V$ICSBP_Q6,V$NFAT_Q6,FALSE,FALSE,V$ICSBP_Q6V$NFAT_Q6
V$ICSBP_Q6,V$PPARA_02,FALSE,FALSE,V$ICSBP_Q6V$PPARA_02
V$IPF1_Q4,V$LEF1_Q2,FALSE,FALSE,V$IPF1_Q4V$LEF1_Q2
V$IPF1_Q4,V$MYB_Q6,FALSE,FALSE,V$IPF1_Q4V$MYB_Q6
V$IPF1_Q4,V$OCT_C,FALSE,FALSE,V$IPF1_Q4V$OCT_C
V$IPF1_Q4,V$SMAD4_Q6,FALSE,FALSE,V$IPF1_Q4V$SMAD4_Q6
V$IPF1_Q4,V$SREBP_Q3,FALSE,FALSE,V$IPF1_Q4V$SREBP_Q3
V$IRF_Q6_01,V$STAT_Q6,TRUE,TRUE,V$IRF_Q6_01V$STAT_Q6
V$IRF_Q6,V$PEBP_Q6,FALSE,FALSE,V$IRF_Q6V$PEBP_Q6
V$IRF_Q6,V$SP1_Q2_01,FALSE,TRUE,V$IRF_Q6V$SP1_Q2_01
V$IRF_Q6,V$SP1_Q4_01,FALSE,TRUE,V$IRF_Q6V$SP1_Q4_01
V$IRF_Q6,V$SP1_Q6,FALSE,FALSE,V$IRF_Q6V$SP1_Q6
V$KROX_Q6,V$OSF2_Q6,FALSE,FALSE,V$KROX_Q6V$OSF2_Q6
V$LEF1_Q2,V$MYB_Q3,FALSE,TRUE,V$LEF1_Q2V$MYB_Q3
V$LEF1_Q2,V$OCT_Q6,FALSE,FALSE,V$LEF1_Q2V$OCT_Q6
V$LEF1_Q2,V$PIT1_Q6,FALSE,FALSE,V$LEF1_Q2V$PIT1_Q6
V$LEF1_Q2,V$PPARA_02,FALSE,FALSE,V$LEF1_Q2V$PPARA_02
V$LEF1_Q2,V$VMYB_01,FALSE,TRUE,V$LEF1_Q2V$VMYB_01
V$LEF1TCF1_Q4,V$NFAT_Q4_01,FALSE,FALSE,V$LEF1TCF1_Q4V$NFAT_Q4_01
V$MAF_Q6_01,V$MYCMAX_B,FALSE,FALSE,V$MAF_Q6_01V$MYCMAX_B
V$MAF_Q6_01,V$NFKB_Q6,FALSE,TRUE,V$MAF_Q6_01V$NFKB_Q6
V$MAF_Q6_01,V$OCT_Q6,FALSE,FALSE,V$MAF_Q6_01V$OCT_Q6
V$MAF_Q6_01,V$PEBP_Q6,FALSE,FALSE,V$MAF_Q6_01V$PEBP_Q6
V$MAF_Q6_01,V$PU1_Q6,FALSE,FALSE,V$MAF_Q6_01V$PU1_Q6
V$MAF_Q6_01,V$SMAD_Q6_01,FALSE,TRUE,V$MAF_Q6_01V$SMAD_Q6_01
V$MAF_Q6_01,V$SP1_Q4_01,FALSE,FALSE,V$MAF_Q6_01V$SP1_Q4_01
V$MYB_Q3,V$NFAT_Q6,FALSE,FALSE,V$MYB_Q3V$NFAT_Q6
V$MYB_Q3,V$STAT_01,FALSE,TRUE,V$MYB_Q3V$STAT_01
V$MYB_Q3,V$STAT5B_01,FALSE,FALSE,V$MYB_Q3V$STAT5B_01
V$MYB_Q5_01,V$MYCMAX_B,FALSE,FALSE,V$MYB_Q5_01V$MYCMAX_B
V$MYB_Q5_01,V$NFKB_Q6,FALSE,FALSE,V$MYB_Q5_01V$NFKB_Q6
V$MYB_Q5_01,V$PPARA_02,FALSE,FALSE,V$MYB_Q5_01V$PPARA_02
V$MYB_Q5_01,V$PR_Q2,FALSE,FALSE,V$MYB_Q5_01V$PR_Q2
V$MYB_Q5_01,V$PU1_Q6,FALSE,FALSE,V$MYB_Q5_01V$PU1_Q6
V$MYB_Q5_01,V$STAT6_01,FALSE,FALSE,V$MYB_Q5_01V$STAT6_01
V$MYB_Q6,V$NFKB_Q6_01,FALSE,FALSE,V$MYB_Q6V$NFKB_Q6_01
V$MYB_Q6,V$STAT_01,FALSE,TRUE,V$MYB_Q6V$STAT_01
V$MYCMAX_B,V$MYOD_Q6_01,FALSE,TRUE,V$MYCMAX_BV$MYOD_Q6_01
V$MYCMAX_B,V$NFKB_Q6,FALSE,TRUE,V$MYCMAX_BV$NFKB_Q6
V$MYCMAX_B,V$PEBP_Q6,FALSE,TRUE,V$MYCMAX_BV$PEBP_Q6
V$MYCMAX_B,V$PR_Q2,FALSE,FALSE,V$MYCMAX_BV$PR_Q2
V$MYCMAX_B,V$SMAD_Q6_01,FALSE,TRUE,V$MYCMAX_BV$SMAD_Q6_01
V$MYCMAX_B,V$SMAD3_Q6,FALSE,TRUE,V$MYCMAX_BV$SMAD3_Q6
V$MYCMAX_B,V$SP1_Q4_01,FALSE,TRUE,V$MYCMAX_BV$SP1_Q4_01
V$MYOD_01,V$NF1_Q6,FALSE,FALSE,V$MYOD_01V$NF1_Q6
V$MYOD_01,V$NFKB_C,FALSE,FALSE,V$MYOD_01V$NFKB_C
V$MYOD_01,V$SP1_Q4_01,FALSE,TRUE,V$MYOD_01V$SP1_Q4_01
V$NF1_Q6_01,V$NFKB_Q6,FALSE,FALSE,V$NF1_Q6_01V$NFKB_Q6
V$NF1_Q6_01,V$SMAD3_Q6,FALSE,TRUE,V$NF1_Q6_01V$SMAD3_Q6
V$NF1_Q6_01,V$SP1_Q2_01,FALSE,FALSE,V$NF1_Q6_01V$SP1_Q2_01
V$NF1_Q6_01,V$SP1_Q4_01,FALSE,FALSE,V$NF1_Q6_01V$SP1_Q4_01
V$NF1_Q6,V$NFKB_Q6,FALSE,FALSE,V$NF1_Q6V$NFKB_Q6
V$NF1_Q6,V$NFKB_Q6_01,FALSE,FALSE,V$NF1_Q6V$NFKB_Q6_01
V$NF1_Q6,V$OCT_Q6,FALSE,FALSE,V$NF1_Q6V$OCT_Q6
V$NF1_Q6,V$PU1_Q6,FALSE,FALSE,V$NF1_Q6V$PU1_Q6
V$NF1_Q6,V$SMAD3_Q6,FALSE,TRUE,V$NF1_Q6V$SMAD3_Q6
V$NFAT_Q4_01,V$NFAT_Q6,FALSE,TRUE,V$NFAT_Q4_01V$NFAT_Q6
V$NFAT_Q4_01,V$PEBP_Q6,FALSE,FALSE,V$NFAT_Q4_01V$PEBP_Q6
V$NFAT_Q4_01,V$PR_Q2,FALSE,FALSE,V$NFAT_Q4_01V$PR_Q2
V$NFAT_Q4_01,V$PU1_Q6,FALSE,FALSE,V$NFAT_Q4_01V$PU1_Q6
V$NFAT_Q4_01,V$SMAD_Q6_01,FALSE,FALSE,V$NFAT_Q4_01V$SMAD_Q6_01
V$NFAT_Q4_01,V$SP1_Q4_01,FALSE,FALSE,V$NFAT_Q4_01V$SP1_Q4_01
V$NFAT_Q4_01,V$STAT6_01,FALSE,FALSE,V$NFAT_Q4_01V$STAT6_01
V$NFAT_Q6,V$PR_Q2,FALSE,FALSE,V$NFAT_Q6V$PR_Q2
V$NFAT_Q6,V$SMAD_Q6_01,FALSE,FALSE,V$NFAT_Q6V$SMAD_Q6_01
V$NFAT_Q6,V$STAT5B_01,FALSE,FALSE,V$NFAT_Q6V$STAT5B_01
V$NFKAPPAB_01,V$OSF2_Q6,FALSE,FALSE,V$NFKAPPAB_01V$OSF2_Q6
V$NFKAPPAB_01,V$VMYB_01,FALSE,FALSE,V$NFKAPPAB_01V$VMYB_01
V$NFKAPPAB65_01,V$NFY_01,FALSE,FALSE,V$NFKAPPAB65_01V$NFY_01
V$NFKAPPAB65_01,V$NFY_Q6_01,FALSE,FALSE,V$NFKAPPAB65_01V$NFY_Q6_01
V$NFKAPPAB65_01,V$PEBP_Q6,FALSE,FALSE,V$NFKAPPAB65_01V$PEBP_Q6
V$NFKAPPAB65_01,V$SMAD_Q6_01,FALSE,TRUE,V$NFKAPPAB65_01V$SMAD_Q6_01
V$NFKAPPAB65_01,V$STAT_01,TRUE,TRUE,V$NFKAPPAB65_01V$STAT_01
V$NFKB_C,V$OCT1_02,FALSE,FALSE,V$NFKB_CV$OCT1_02
V$NFKB_C,V$VMYB_01,FALSE,FALSE,V$NFKB_CV$VMYB_01
V$NFKB_Q6_01,V$PEBP_Q6,FALSE,FALSE,V$NFKB_Q6_01V$PEBP_Q6
V$NFKB_Q6_01,V$PIT1_Q6,FALSE,FALSE,V$NFKB_Q6_01V$PIT1_Q6
V$NFKB_Q6_01,V$PR_Q2,FALSE,TRUE,V$NFKB_Q6_01V$PR_Q2
V$NFKB_Q6_01,V$SMAD3_Q6,FALSE,TRUE,V$NFKB_Q6_01V$SMAD3_Q6
V$NFKB_Q6,V$PEBP_Q6,FALSE,FALSE,V$NFKB_Q6V$PEBP_Q6
V$NFKB_Q6,V$PIT1_Q6,FALSE,FALSE,V$NFKB_Q6V$PIT1_Q6
V$NFKB_Q6,V$PU1_Q6,TRUE,FALSE,V$NFKB_Q6V$PU1_Q6
V$NFKB_Q6,V$SF1_Q6,FALSE,FALSE,V$NFKB_Q6V$SF1_Q6
V$NFKB_Q6,V$SMAD_Q6_01,FALSE,TRUE,V$NFKB_Q6V$SMAD_Q6_01
V$NFKB_Q6,V$SP1_Q4_01,TRUE,TRUE,V$NFKB_Q6V$SP1_Q4_01
V$NFKB_Q6,V$STAT6_01,TRUE,TRUE,V$NFKB_Q6V$STAT6_01
V$NFY_01,V$STAT_01,FALSE,FALSE,V$NFY_01V$STAT_01
V$NFY_C,V$NFY_Q6,FALSE,TRUE,V$NFY_CV$NFY_Q6
V$NFY_C,V$SP1_Q2_01,TRUE,TRUE,V$NFY_CV$SP1_Q2_01
V$NFY_C,V$SP1_Q6_01,TRUE,TRUE,V$NFY_CV$SP1_Q6_01
V$NFY_Q6_01,V$OSF2_Q6,FALSE,FALSE,V$NFY_Q6_01V$OSF2_Q6
V$NFY_Q6_01,V$PAX5_01,FALSE,FALSE,V$NFY_Q6_01V$PAX5_01
V$OCT_C,V$USF_Q6_01,FALSE,FALSE,V$OCT_CV$USF_Q6_01
V$OCT_Q6,V$OSF2_Q6,FALSE,FALSE,V$OCT_Q6V$OSF2_Q6
V$OCT_Q6,V$PEBP_Q6,FALSE,FALSE,V$OCT_Q6V$PEBP_Q6
V$OCT_Q6,V$SMAD_Q6_01,FALSE,TRUE,V$OCT_Q6V$SMAD_Q6_01
V$OCT1_02,V$STAT_Q6,TRUE,TRUE,V$OCT1_02V$STAT_Q6
V$OCT1_04,V$OSF2_Q6,FALSE,FALSE,V$OCT1_04V$OSF2_Q6
V$OCT1_Q6,V$PIT1_Q6,TRUE,FALSE,V$OCT1_Q6V$PIT1_Q6
V$OSF2_Q6,V$USF_Q6_01,FALSE,FALSE,V$OSF2_Q6V$USF_Q6_01
V$PEBP_Q6,V$PR_Q2,FALSE,FALSE,V$PEBP_Q6V$PR_Q2
V$PEBP_Q6,V$SP1_Q4_01,FALSE,FALSE,V$PEBP_Q6V$SP1_Q4_01
V$PEBP_Q6,V$STAT_01,FALSE,TRUE,V$PEBP_Q6V$STAT_01
V$PEBP_Q6,V$STAT6_01,FALSE,FALSE,V$PEBP_Q6V$STAT6_01
V$PEBP_Q6,V$USF_Q6_01,FALSE,FALSE,V$PEBP_Q6V$USF_Q6_01
V$PIT1_Q6,V$STAT_01,FALSE,FALSE,V$PIT1_Q6V$STAT_01
V$PPARA_02,V$SMAD3_Q6,FALSE,FALSE,V$PPARA_02V$SMAD3_Q6
V$PPARA_02,V$SOX9_B1,FALSE,FALSE,V$PPARA_02V$SOX9_B1
V$PR_Q2,V$PU1_Q6,FALSE,FALSE,V$PR_Q2V$PU1_Q6
V$PR_Q2,V$SF1_Q6,FALSE,FALSE,V$PR_Q2V$SF1_Q6
V$PR_Q2,V$STAT6_01,FALSE,FALSE,V$PR_Q2V$STAT6_01
V$PU1_Q6,V$SF1_Q6,FALSE,FALSE,V$PU1_Q6V$SF1_Q6
V$PU1_Q6,V$SP1_Q2_01,TRUE,FALSE,V$PU1_Q6V$SP1_Q2_01
V$PU1_Q6,V$STAT6_01,FALSE,FALSE,V$PU1_Q6V$STAT6_01
V$SF1_Q6,V$SMAD_Q6_01,FALSE,FALSE,V$SF1_Q6V$SMAD_Q6_01
V$SF1_Q6,V$SOX9_B1,TRUE,TRUE,V$SF1_Q6V$SOX9_B1
V$SF1_Q6,V$SP1_01,TRUE,TRUE,V$SF1_Q6V$SP1_01
V$SMAD_Q6_01,V$SP1_01,TRUE,TRUE,V$SMAD_Q6_01V$SP1_01
V$SP1_Q4_01,V$TAL1ALPHAE47_01,FALSE,TRUE,V$SP1_Q4_01V$TAL1ALPHAE47_01
V$STAT_01,V$STAT_Q6,TRUE,TRUE,V$STAT_01V$STAT_Q6
