V$CMYB_01,V$CREL_01,3.125282768,chr1:154154606-154155027-enhancer,V$CMYB_01V$CREL_01
V$CMYB_01,V$NFAT_Q6,3.283837838,chr1:154154606-154155027-enhancer,V$CMYB_01V$NFAT_Q6
V$CMYB_01,V$NFAT_Q4_01,3.301865017,chr1:154154606-154155027-enhancer,V$CMYB_01V$NFAT_Q4_01
V$CETS1P54_01,V$ETS_Q4,3.837225352,chr1:154154606-154155027-enhancer,V$CETS1P54_01V$ETS_Q4
V$HNF4_01,V$SREBP_Q3,3.165330059,chr1:154154606-154155027-enhancer,V$HNF4_01V$SREBP_Q3
V$CEBP_Q2,V$HMGIY_Q6,3.913153523,chr1:154154606-154155027-enhancer,V$CEBP_Q2V$HMGIY_Q6
V$HNF4_Q6,V$NFKB_Q6,3.876612192,chr1:154154606-154155027-enhancer,V$HNF4_Q6V$NFKB_Q6
V$AP1_C,V$NFAT_Q6,3.265040261,chr1:154154606-154155027-enhancer,V$AP1_CV$NFAT_Q6
V$AP1_C,V$NFAT_Q4_01,3.101749248,chr1:154154606-154155027-enhancer,V$AP1_CV$NFAT_Q4_01
V$GATA_C,V$GR_Q6_01,3.10280526,chr1:154154606-154155027-enhancer,V$GATA_CV$GR_Q6_01
V$GRE_C,V$MYCMAX_B,4.059264324,chr1:154154606-154155027-enhancer,V$GRE_CV$MYCMAX_B
V$CREB_Q3,V$NFAT_Q6,3.095039937,chr1:154154606-154155027-enhancer,V$CREB_Q3V$NFAT_Q6
V$E2A_Q6,V$ETS1_B,3.593785375,chr1:154154606-154155027-enhancer,V$E2A_Q6V$ETS1_B
V$IPF1_Q4,V$SREBP_Q3,3.069672333,chr1:154154606-154155027-enhancer,V$IPF1_Q4V$SREBP_Q3
V$CREB_Q3,V$STAT6_01,3.100095925,chr1:154154606-154155027-enhancer,V$CREB_Q3V$STAT6_01
V$CETS168_Q6,V$SP1_Q2_01,3.642705958,chr1:154154606-154155027-enhancer,V$CETS168_Q6V$SP1_Q2_01
V$DR3_Q4,V$POU1F1_Q6,3.021640759,chr1:154154606-154155027-enhancer,V$DR3_Q4V$POU1F1_Q6
V$E2A_Q6,V$ELF1_Q6,3.188852638,chr1:154154606-154155027-enhancer,V$E2A_Q6V$ELF1_Q6
V$HMGIY_Q6,V$STAT_Q6,3.253215635,chr1:154154606-154155027-enhancer,V$HMGIY_Q6V$STAT_Q6
V$PEBP_Q6,V$USF_Q6_01,3.039003316,chr1:154154606-154155027-enhancer,V$PEBP_Q6V$USF_Q6_01
V$HNF4_Q6,V$IRF_Q6_01,3.237760345,chr1:154154606-154155027-enhancer,V$HNF4_Q6V$IRF_Q6_01
V$LEF1_Q2,V$VMYB_01,3.269348986,chr11:65187297-65188198-enhancer,V$LEF1_Q2V$VMYB_01
V$CEBP_Q2_01,V$CETS1P54_01,3.441158639,chr11:65187297-65188198-enhancer,V$CEBP_Q2_01V$CETS1P54_01
V$CETS1P54_01,V$LEF1TCF1_Q4,3.046196364,chr11:65187297-65188198-enhancer,V$CETS1P54_01V$LEF1TCF1_Q4
V$SP1_Q4_01,V$TAL1ALPHAE47_01,3.391873018,chr11:65187297-65188198-enhancer,V$SP1_Q4_01V$TAL1ALPHAE47_01
V$CEBPB_01,V$OCT_Q6,3.024092132,chr11:65187297-65188198-enhancer,V$CEBPB_01V$OCT_Q6
V$NFY_Q6_01,V$PAX5_01,3.846523061,chr11:65187297-65188198-enhancer,V$NFY_Q6_01V$PAX5_01
V$AP1_C,V$ER_Q6,4.32539372,chr11:65187297-65188198-enhancer,V$AP1_CV$ER_Q6
V$GR_Q6,V$NFY_C,3.525064415,chr11:65187297-65188198-enhancer,V$GR_Q6V$NFY_C
V$GR_Q6,V$STAT6_01,3.089374068,chr11:65187297-65188198-enhancer,V$GR_Q6V$STAT6_01
V$ETS_Q4,V$GR_Q6,3.365667505,chr11:65187297-65188198-enhancer,V$ETS_Q4V$GR_Q6
V$NF1_Q6,V$NFKB_Q6_01,3.311231047,chr11:65187297-65188198-enhancer,V$NF1_Q6V$NFKB_Q6_01
V$HNF4_Q6,V$NF1_Q6,3.51965796,chr11:65187297-65188198-enhancer,V$HNF4_Q6V$NF1_Q6
V$E2A_Q6,V$SP1_Q6,3.4162468,chr11:65187297-65188198-enhancer,V$E2A_Q6V$SP1_Q6
V$MYB_Q3,V$STAT_01,3.517559037,chr11:65187297-65188198-enhancer,V$MYB_Q3V$STAT_01
V$ICSBP_Q6,V$NFAT_Q6,3.383107637,chr11:65187297-65188198-enhancer,V$ICSBP_Q6V$NFAT_Q6
V$MYB_Q3,V$NFAT_Q6,3.273502302,chr11:65187297-65188198-enhancer,V$MYB_Q3V$NFAT_Q6
V$ETS1_B,V$GR_Q6_01,3.039326345,chr11:65187297-65188198-enhancer,V$ETS1_BV$GR_Q6_01
V$GR_Q6_01,V$SOX9_B1,3.498194943,chr11:65187297-65188198-enhancer,V$GR_Q6_01V$SOX9_B1
V$MYB_Q3,V$STAT5B_01,3.627052514,chr11:65187297-65188198-enhancer,V$MYB_Q3V$STAT5B_01
V$ETS_Q4,V$SF1_Q6,3.392287358,chr11:65187297-65188198-enhancer,V$ETS_Q4V$SF1_Q6
V$ELF1_Q6,V$LEF1_Q2,3.178929937,chr11:65187297-65188198-enhancer,V$ELF1_Q6V$LEF1_Q2
V$ELF1_Q6,V$LEF1TCF1_Q4,3.165717457,chr11:65187297-65188198-enhancer,V$ELF1_Q6V$LEF1TCF1_Q4
V$ETS_Q4,V$GR_Q6_01,3.198404944,chr11:65187297-65188198-enhancer,V$ETS_Q4V$GR_Q6_01
V$CEBP_Q2_01,V$ETS_Q6,3.222202043,chr11:65187297-65188198-enhancer,V$CEBP_Q2_01V$ETS_Q6
V$CP2_02,V$SP1_Q6_01,3.539409757,chr11:65187297-65188198-enhancer,V$CP2_02V$SP1_Q6_01
V$E2A_Q6,V$SP1_Q6_01,3.33794616,chr11:65187297-65188198-enhancer,V$E2A_Q6V$SP1_Q6_01
V$E2A_Q6,V$SP1_Q4_01,3.419342631,chr11:65187297-65188198-enhancer,V$E2A_Q6V$SP1_Q4_01
V$E2A_Q6,V$SP1_Q2_01,3.183656273,chr11:65187297-65188198-enhancer,V$E2A_Q6V$SP1_Q2_01
V$LEF1TCF1_Q4,V$NFAT_Q4_01,3.742563315,chr11:65187297-65188198-enhancer,V$LEF1TCF1_Q4V$NFAT_Q4_01
V$CREBP1CJUN_01,V$SOX9_B1,3.066013485,chr11:65239550-65239870-enhancer,V$CREBP1CJUN_01V$SOX9_B1
V$CREL_01,V$STAT_01,3.548593533,chr11:65239550-65239870-enhancer,V$CREL_01V$STAT_01
V$CREL_01,V$ETS_Q4,4.187637101,chr11:65239550-65239870-enhancer,V$CREL_01V$ETS_Q4
V$CREL_01,V$PR_Q2,3.586590101,chr11:65239550-65239870-enhancer,V$CREL_01V$PR_Q2
V$CEBPB_01,V$GATA_Q6,4.42312753,chr11:65239550-65239870-enhancer,V$CEBPB_01V$GATA_Q6
V$CEBPB_02,V$LEF1TCF1_Q4,3.029141015,chr11:65239550-65239870-enhancer,V$CEBPB_02V$LEF1TCF1_Q4
V$COUP_01,V$DR3_Q4,3.14765376,chr11:65239550-65239870-enhancer,V$COUP_01V$DR3_Q4
V$IRF_Q6,V$SP1_Q6,3.987762349,chr11:65239550-65239870-enhancer,V$IRF_Q6V$SP1_Q6
V$AP1_C,V$CREB_Q3,3.259197952,chr11:65239550-65239870-enhancer,V$AP1_CV$CREB_Q3
V$AHRHIF_Q6,V$AP1_C,3.775454578,chr11:65239550-65239870-enhancer,V$AHRHIF_Q6V$AP1_C
V$CEBP_C,V$IPF1_Q4,3.161494122,chr11:65239550-65239870-enhancer,V$CEBP_CV$IPF1_Q4
V$DR1_Q3,V$GATA_C,3.004382219,chr11:65239550-65239870-enhancer,V$DR1_Q3V$GATA_C
V$CHOP_01,V$PIT1_Q6,3.532710275,chr11:65239550-65239870-enhancer,V$CHOP_01V$PIT1_Q6
V$ETS1_B,V$ETS_Q4,3.996556421,chr11:65239550-65239870-enhancer,V$ETS1_BV$ETS_Q4
V$AP1_01,V$CEBP_Q2_01,3.107098116,chr11:65239550-65239870-enhancer,V$AP1_01V$CEBP_Q2_01
V$EGR_Q6,V$IRF_Q6,3.387638515,chr11:65239550-65239870-enhancer,V$EGR_Q6V$IRF_Q6
V$IRF_Q6,V$SP1_Q4_01,4.79003013,chr11:65239550-65239870-enhancer,V$IRF_Q6V$SP1_Q4_01
V$IRF_Q6,V$SP1_Q2_01,3.105582338,chr11:65239550-65239870-enhancer,V$IRF_Q6V$SP1_Q2_01
V$CEBP_Q2_01,V$OCT_Q6,3.325398553,chr11:65239550-65239870-enhancer,V$CEBP_Q2_01V$OCT_Q6
V$OCT_Q6,V$SMAD_Q6_01,3.01463057,chr11:65239550-65239870-enhancer,V$OCT_Q6V$SMAD_Q6_01
V$AHRHIF_Q6,V$CREB_Q3,3.108113351,chr11:65239550-65239870-enhancer,V$AHRHIF_Q6V$CREB_Q3
V$ETS_Q6,V$PR_Q2,3.481347322,chr11:65239550-65239870-enhancer,V$ETS_Q6V$PR_Q2
V$CETS1P54_01,V$NFKB_Q6,3.562855029,chr11:65244638-65245303-enhancer,V$CETS1P54_01V$NFKB_Q6
V$CETS1P54_01,V$MYCMAX_B,3.243061113,chr11:65244638-65245303-enhancer,V$CETS1P54_01V$MYCMAX_B
V$CETS1P54_01,V$ETS_Q4,3.261594145,chr11:65244638-65245303-enhancer,V$CETS1P54_01V$ETS_Q4
V$CETS1P54_01,V$ETS_Q6,5.284621503,chr11:65244638-65245303-enhancer,V$CETS1P54_01V$ETS_Q6
V$CP2_01,V$NFKAPPAB65_01,3.241140715,chr11:65244638-65245303-enhancer,V$CP2_01V$NFKAPPAB65_01
V$NFKAPPAB65_01,V$PEBP_Q6,3.5839116,chr11:65244638-65245303-enhancer,V$NFKAPPAB65_01V$PEBP_Q6
V$CP2_01,V$CREL_01,3.289411485,chr11:65244638-65245303-enhancer,V$CP2_01V$CREL_01
V$CREL_01,V$ETS_Q6,3.829428986,chr11:65244638-65245303-enhancer,V$CREL_01V$ETS_Q6
V$CP2_01,V$SF1_Q6,3.099114807,chr11:65244638-65245303-enhancer,V$CP2_01V$SF1_Q6
V$AP1_Q2,V$E2F_Q3_01,3.174126851,chr11:65244638-65245303-enhancer,V$AP1_Q2V$E2F_Q3_01
V$AP1_Q6,V$E2A_Q2,3.356222093,chr11:65244638-65245303-enhancer,V$AP1_Q6V$E2A_Q2
V$HMGIY_Q6,V$MYB_Q6,3.051503219,chr11:65244638-65245303-enhancer,V$HMGIY_Q6V$MYB_Q6
V$CEBP_Q2,V$MYB_Q3,4.072936207,chr11:65244638-65245303-enhancer,V$CEBP_Q2V$MYB_Q3
V$ETS_Q6,V$NFKB_Q6,3.917608398,chr11:65244638-65245303-enhancer,V$ETS_Q6V$NFKB_Q6
V$E2A_Q6,V$NFKB_Q6,4.011134953,chr11:65244638-65245303-enhancer,V$E2A_Q6V$NFKB_Q6
V$MAF_Q6_01,V$NFKB_Q6,3.983582903,chr11:65244638-65245303-enhancer,V$MAF_Q6_01V$NFKB_Q6
V$CETS168_Q6,V$NFKB_C,4.305570216,chr11:65244638-65245303-enhancer,V$CETS168_Q6V$NFKB_C
V$MYB_Q5_01,V$PPARA_02,3.546722603,chr11:65244638-65245303-enhancer,V$MYB_Q5_01V$PPARA_02
V$PU1_Q6,V$SF1_Q6,3.813496116,chr11:65244638-65245303-enhancer,V$PU1_Q6V$SF1_Q6
V$PR_Q2,V$PU1_Q6,4.249342933,chr11:65244638-65245303-enhancer,V$PR_Q2V$PU1_Q6
V$ETS_Q6,V$PU1_Q6,5.252267247,chr11:65244638-65245303-enhancer,V$ETS_Q6V$PU1_Q6
V$ETS_Q4,V$SF1_Q6,3.341050998,chr11:65244638-65245303-enhancer,V$ETS_Q4V$SF1_Q6
V$GR_Q6_01,V$SF1_Q6,4.234619954,chr11:65244638-65245303-enhancer,V$GR_Q6_01V$SF1_Q6
V$PR_Q2,V$SF1_Q6,3.149247024,chr11:65244638-65245303-enhancer,V$PR_Q2V$SF1_Q6
V$ETS_Q4,V$ETS_Q6,4.430202922,chr11:65244638-65245303-enhancer,V$ETS_Q4V$ETS_Q6
V$DR3_Q4,V$IRF_Q6,4.146448916,chr11:65244638-65245303-enhancer,V$DR3_Q4V$IRF_Q6
V$LEF1_Q2,V$MYB_Q3,3.59627678,chr11:65244638-65245303-enhancer,V$LEF1_Q2V$MYB_Q3
V$HNF4_Q6,V$NFKB_Q6_01,3.700872057,chr11:65244638-65245303-enhancer,V$HNF4_Q6V$NFKB_Q6_01
V$DR4_Q2,V$NF1_Q6_01,3.221140719,chr11:65244638-65245303-enhancer,V$DR4_Q2V$NF1_Q6_01
V$CEBP_Q2_01,V$MYB_Q5_01,3.385865614,chr11:65244638-65245303-enhancer,V$CEBP_Q2_01V$MYB_Q5_01
V$GR_Q6_01,V$PR_Q2,3.115945973,chr11:65244638-65245303-enhancer,V$GR_Q6_01V$PR_Q2
V$ETS_Q6,V$GR_Q6_01,3.301623861,chr11:65244638-65245303-enhancer,V$ETS_Q6V$GR_Q6_01
V$GR_Q6_01,V$MAF_Q6_01,3.67697054,chr11:65244638-65245303-enhancer,V$GR_Q6_01V$MAF_Q6_01
V$ETS_Q6,V$PR_Q2,3.838032946,chr11:65244638-65245303-enhancer,V$ETS_Q6V$PR_Q2
V$CETS1P54_01,V$HNF1_Q6,3.320341903,chr11:65259930-65260851-enhancer,V$CETS1P54_01V$HNF1_Q6
V$EGR_Q6,V$NFKAPPAB65_01,3.062342836,chr11:65259930-65260851-enhancer,V$EGR_Q6V$NFKAPPAB65_01
V$CREL_01,V$STAT_01,3.323545341,chr11:65259930-65260851-enhancer,V$CREL_01V$STAT_01
V$NFKAPPAB_01,V$OSF2_Q6,3.016016591,chr11:65259930-65260851-enhancer,V$NFKAPPAB_01V$OSF2_Q6
V$CP2_01,V$SF1_Q6,3.780921384,chr11:65259930-65260851-enhancer,V$CP2_01V$SF1_Q6
V$CETS168_Q6,V$CP2_01,3.074008765,chr11:65259930-65260851-enhancer,V$CETS168_Q6V$CP2_01
V$OCT1_02,V$STAT_Q6,3.141403601,chr11:65259930-65260851-enhancer,V$OCT1_02V$STAT_Q6
V$AP1FJ_Q2,V$DR1_Q3,3.425375395,chr11:65259930-65260851-enhancer,V$AP1FJ_Q2V$DR1_Q3
V$AHRHIF_Q6,V$MYB_Q6,3.711988676,chr11:65259930-65260851-enhancer,V$AHRHIF_Q6V$MYB_Q6
V$CREB_Q4_01,V$ER_Q6,3.23306669,chr11:65259930-65260851-enhancer,V$CREB_Q4_01V$ER_Q6
V$OCT_C,V$USF_Q6_01,3.27935834,chr11:65259930-65260851-enhancer,V$OCT_CV$USF_Q6_01
V$PIT1_Q6,V$STAT_01,3.073800274,chr11:65259930-65260851-enhancer,V$PIT1_Q6V$STAT_01
V$NFAT_Q6,V$STAT5B_01,3.005968972,chr11:65259930-65260851-enhancer,V$NFAT_Q6V$STAT5B_01
V$NFAT_Q6,V$PR_Q2,3.753786754,chr11:65259930-65260851-enhancer,V$NFAT_Q6V$PR_Q2
V$ETS1_B,V$OCT_Q6,4.119719387,chr11:65259930-65260851-enhancer,V$ETS1_BV$OCT_Q6
V$ETS1_B,V$IRF_Q6_01,3.122423358,chr11:65259930-65260851-enhancer,V$ETS1_BV$IRF_Q6_01
V$IPF1_Q4,V$SMAD4_Q6,3.064591896,chr11:65259930-65260851-enhancer,V$IPF1_Q4V$SMAD4_Q6
V$ETS_Q4,V$STAT5B_01,3.047919447,chr11:65259930-65260851-enhancer,V$ETS_Q4V$STAT5B_01
V$PU1_Q6,V$STAT6_01,5.10522602,chr11:65259930-65260851-enhancer,V$PU1_Q6V$STAT6_01
V$HNF1_Q6,V$ICSBP_Q6,5.818658137,chr11:65259930-65260851-enhancer,V$HNF1_Q6V$ICSBP_Q6
V$OSF2_Q6,V$USF_Q6_01,3.456221128,chr11:65259930-65260851-enhancer,V$OSF2_Q6V$USF_Q6_01
V$DR1_Q3,V$NFAT_Q4_01,3.190397971,chr11:65259930-65260851-enhancer,V$DR1_Q3V$NFAT_Q4_01
V$HNF1_Q6,V$IRF_Q6_01,3.195941003,chr11:65259930-65260851-enhancer,V$HNF1_Q6V$IRF_Q6_01
V$CREB_Q4_01,V$ER_Q6_02,3.388797404,chr11:65259930-65260851-enhancer,V$CREB_Q4_01V$ER_Q6_02
V$GR_Q6_01,V$PR_Q2,3.768696158,chr11:65259930-65260851-enhancer,V$GR_Q6_01V$PR_Q2
V$AP1_Q2_01,V$E2A_Q6,3.25946609,chr11:65259930-65260851-enhancer,V$AP1_Q2_01V$E2A_Q6
V$NFAT_Q4_01,V$PR_Q2,3.129117614,chr11:65259930-65260851-enhancer,V$NFAT_Q4_01V$PR_Q2
V$MYOD_01,V$NFKB_C,3.187360479,chr12:109900993-109901418-enhancer,V$MYOD_01V$NFKB_C
V$CMYB_01,V$ELK1_01,3.022950781,chr12:109900993-109901418-enhancer,V$CMYB_01V$ELK1_01
V$EGR_Q6,V$ELK1_01,3.085907898,chr12:109900993-109901418-enhancer,V$EGR_Q6V$ELK1_01
V$CP2_01,V$NFY_Q6_01,3.739457582,chr12:109900993-109901418-enhancer,V$CP2_01V$NFY_Q6_01
V$CEBPB_01,V$PIT1_Q6,3.073340167,chr12:109900993-109901418-enhancer,V$CEBPB_01V$PIT1_Q6
V$AP1_01,V$AP1_Q2,3.005921412,chr12:109900993-109901418-enhancer,V$AP1_01V$AP1_Q2
V$AP1_Q6,V$NFAT_Q6,3.004492545,chr12:109900993-109901418-enhancer,V$AP1_Q6V$NFAT_Q6
V$CREB_Q2,V$HNF1_Q6,3.248949182,chr12:109900993-109901418-enhancer,V$CREB_Q2V$HNF1_Q6
V$ER_Q6,V$PU1_Q6,3.578402708,chr12:109900993-109901418-enhancer,V$ER_Q6V$PU1_Q6
V$ICSBP_Q6,V$NF1_Q6,3.181641531,chr12:109900993-109901418-enhancer,V$ICSBP_Q6V$NF1_Q6
V$CEBP_Q2_01,V$NF1_Q6,3.066789709,chr12:109900993-109901418-enhancer,V$CEBP_Q2_01V$NF1_Q6
V$DR4_Q2,V$NF1_Q6,3.426231739,chr12:109900993-109901418-enhancer,V$DR4_Q2V$NF1_Q6
V$AP1_C,V$SP1_Q6,3.20504769,chr12:109900993-109901418-enhancer,V$AP1_CV$SP1_Q6
V$AP1_C,V$SP1_Q6_01,3.001646907,chr12:109900993-109901418-enhancer,V$AP1_CV$SP1_Q6_01
V$ETS1_B,V$USF_Q6_01,3.168581621,chr12:109900993-109901418-enhancer,V$ETS1_BV$USF_Q6_01
V$ETS_Q4,V$SOX9_B1,3.084427621,chr12:109900993-109901418-enhancer,V$ETS_Q4V$SOX9_B1
V$CREB_Q3,V$STAT6_01,3.695422693,chr12:109900993-109901418-enhancer,V$CREB_Q3V$STAT6_01
V$ATF3_Q6,V$CP2_02,3.788633757,chr12:109900993-109901418-enhancer,V$ATF3_Q6V$CP2_02
V$DR1_Q3,V$ELF1_Q6,3.672418828,chr12:109900993-109901418-enhancer,V$DR1_Q3V$ELF1_Q6
V$CREB_Q3,V$IRF_Q6,3.935293283,chr12:109900993-109901418-enhancer,V$CREB_Q3V$IRF_Q6
V$GR_Q6_01,V$IRF_Q6,3.284645515,chr12:109900993-109901418-enhancer,V$GR_Q6_01V$IRF_Q6
V$GR_Q6_01,V$NFKB_Q6_01,3.020828327,chr12:109900993-109901418-enhancer,V$GR_Q6_01V$NFKB_Q6_01
V$DR3_Q4,V$GR_Q6_01,3.600246701,chr12:109900993-109901418-enhancer,V$DR3_Q4V$GR_Q6_01
V$CREB_Q2,V$OCT1_02,3.067406372,chr12:2374154-2374447-enhancer,V$CREB_Q2V$OCT1_02
V$AP1_Q2,V$ETS_Q4,4.090902051,chr12:2374154-2374447-enhancer,V$AP1_Q2V$ETS_Q4
V$AP1_Q2,V$NF1_Q6_01,3.048108435,chr12:2374154-2374447-enhancer,V$AP1_Q2V$NF1_Q6_01
V$AP1_Q2,V$NFAT_Q4_01,3.367920899,chr12:2374154-2374447-enhancer,V$AP1_Q2V$NFAT_Q4_01
V$ER_Q6,V$SP1_Q2_01,3.585366358,chr12:2374154-2374447-enhancer,V$ER_Q6V$SP1_Q2_01
V$CREB_Q3,V$GR_Q6,3.511276155,chr12:2374154-2374447-enhancer,V$CREB_Q3V$GR_Q6
V$PEBP_Q6,V$STAT_01,3.647193882,chr12:2374154-2374447-enhancer,V$PEBP_Q6V$STAT_01
V$NFAT_Q6,V$SMAD_Q6_01,3.149467881,chr12:2374154-2374447-enhancer,V$NFAT_Q6V$SMAD_Q6_01
V$PU1_Q6,V$STAT6_01,3.676917764,chr12:2374154-2374447-enhancer,V$PU1_Q6V$STAT6_01
V$CP2_02,V$HNF4ALPHA_Q6,3.203182196,chr12:2374154-2374447-enhancer,V$CP2_02V$HNF4ALPHA_Q6
V$MYB_Q5_01,V$PU1_Q6,3.32373112,chr12:2374154-2374447-enhancer,V$MYB_Q5_01V$PU1_Q6
V$PR_Q2,V$SF1_Q6,3.383564796,chr12:2374154-2374447-enhancer,V$PR_Q2V$SF1_Q6
V$HMGIY_Q6,V$HNF4_Q6,3.242352101,chr12:2374154-2374447-enhancer,V$HMGIY_Q6V$HNF4_Q6
V$CREB_Q3,V$ETS_Q4,3.095724736,chr12:2374154-2374447-enhancer,V$CREB_Q3V$ETS_Q4
V$AP1_Q4_01,V$ETS_Q4,3.074547462,chr12:2374154-2374447-enhancer,V$AP1_Q4_01V$ETS_Q4
V$NFKB_Q6_01,V$PIT1_Q6,4.220565701,chr12:2374154-2374447-enhancer,V$NFKB_Q6_01V$PIT1_Q6
V$EGR_Q6,V$SMAD_Q6_01,3.696280042,chr12:2374154-2374447-enhancer,V$EGR_Q6V$SMAD_Q6_01
V$ER_Q6_02,V$GR_Q6_01,3.056451909,chr12:2374154-2374447-enhancer,V$ER_Q6_02V$GR_Q6_01
V$ER_Q6_02,V$SP1_Q2_01,3.128065355,chr12:2374154-2374447-enhancer,V$ER_Q6_02V$SP1_Q2_01
V$AHRHIF_Q6,V$SP1_Q2_01,3.956585604,chr12:2374154-2374447-enhancer,V$AHRHIF_Q6V$SP1_Q2_01
V$NFAT_Q4_01,V$SMAD_Q6_01,3.454510968,chr12:2374154-2374447-enhancer,V$NFAT_Q4_01V$SMAD_Q6_01
V$CMYB_01,V$NF1_Q6,3.343421062,chr18:3624841-3625119-enhancer,V$CMYB_01V$NF1_Q6
V$CMYB_01,V$NFY_C,3.244822679,chr18:3624841-3625119-enhancer,V$CMYB_01V$NFY_C
V$CMYB_01,V$OCT_Q6,3.230871552,chr18:3624841-3625119-enhancer,V$CMYB_01V$OCT_Q6
V$AML_Q6,V$TAL1ALPHAE47_01,3.88518337,chr18:3624841-3625119-enhancer,V$AML_Q6V$TAL1ALPHAE47_01
V$CEBPB_02,V$EGR_Q6,3.092268651,chr18:3624841-3625119-enhancer,V$CEBPB_02V$EGR_Q6
V$AP1FJ_Q2,V$SF1_Q6,3.537205722,chr18:3624841-3625119-enhancer,V$AP1FJ_Q2V$SF1_Q6
V$CEBP_Q2,V$SMAD4_Q6,3.087344591,chr18:3624841-3625119-enhancer,V$CEBP_Q2V$SMAD4_Q6
V$CEBP_Q2,V$E2A_Q6,3.122363318,chr18:3624841-3625119-enhancer,V$CEBP_Q2V$E2A_Q6
V$NFKB_Q6,V$STAT6_01,3.028495657,chr18:3624841-3625119-enhancer,V$NFKB_Q6V$STAT6_01
V$GRE_C,V$PU1_Q6,3.096473252,chr18:3624841-3625119-enhancer,V$GRE_CV$PU1_Q6
V$NFY_C,V$SP1_Q2_01,3.021800667,chr18:3624841-3625119-enhancer,V$NFY_CV$SP1_Q2_01
V$PR_Q2,V$PU1_Q6,4.404494901,chr18:3624841-3625119-enhancer,V$PR_Q2V$PU1_Q6
V$AHRHIF_Q6,V$SF1_Q6,3.543135227,chr18:3624841-3625119-enhancer,V$AHRHIF_Q6V$SF1_Q6
V$DR1_Q3,V$SP1_Q2_01,3.197821857,chr18:3624841-3625119-enhancer,V$DR1_Q3V$SP1_Q2_01
V$AML_Q6,V$LEF1_Q2,3.150517196,chr18:3624841-3625119-enhancer,V$AML_Q6V$LEF1_Q2
V$AML_Q6,V$MYOD_Q6_01,3.25460332,chr18:3624841-3625119-enhancer,V$AML_Q6V$MYOD_Q6_01
V$AML_Q6,V$EBF_Q6,3.274527865,chr18:3624841-3625119-enhancer,V$AML_Q6V$EBF_Q6
V$EGR_Q6,V$IRF_Q6,3.082688377,chr18:3624841-3625119-enhancer,V$EGR_Q6V$IRF_Q6
V$IRF_Q6,V$SP1_Q4_01,3.079568111,chr18:3624841-3625119-enhancer,V$IRF_Q6V$SP1_Q4_01
V$CMYB_01,V$LEF1TCF1_Q4,4.736905115,chr19:11202212-11202837-enhancer,V$CMYB_01V$LEF1TCF1_Q4
V$CETS1P54_01,V$SP1_01,3.020070204,chr19:11202212-11202837-enhancer,V$CETS1P54_01V$SP1_01
V$CETS1P54_01,V$PU1_Q6,3.933036667,chr19:11202212-11202837-enhancer,V$CETS1P54_01V$PU1_Q6
V$CETS1P54_01,V$IRF_Q6_01,3.429207506,chr19:11202212-11202837-enhancer,V$CETS1P54_01V$IRF_Q6_01
V$CREBP1CJUN_01,V$NF1_Q6_01,3.302916914,chr19:11202212-11202837-enhancer,V$CREBP1CJUN_01V$NF1_Q6_01
V$CREL_01,V$NFKAPPAB65_01,3.676286569,chr19:11202212-11202837-enhancer,V$CREL_01V$NFKAPPAB65_01
V$CREL_01,V$PU1_Q6,3.664554071,chr19:11202212-11202837-enhancer,V$CREL_01V$PU1_Q6
V$CREL_01,V$ETS_Q6,3.38605372,chr19:11202212-11202837-enhancer,V$CREL_01V$ETS_Q6
V$CEBPB_01,V$STAT6_01,3.041891415,chr19:11202212-11202837-enhancer,V$CEBPB_01V$STAT6_01
V$FOX_Q2,V$OCT1_04,3.401538435,chr19:11202212-11202837-enhancer,V$FOX_Q2V$OCT1_04
V$GRE_C,V$MYB_Q6,3.082117326,chr19:11202212-11202837-enhancer,V$GRE_CV$MYB_Q6
V$CREB_Q3,V$GR_Q6,3.2097728,chr19:11202212-11202837-enhancer,V$CREB_Q3V$GR_Q6
V$DR1_Q3,V$NF1_Q6,3.001996693,chr19:11202212-11202837-enhancer,V$DR1_Q3V$NF1_Q6
V$GRE_C,V$MYB_Q3,3.057301832,chr19:11202212-11202837-enhancer,V$GRE_CV$MYB_Q3
V$EGR_Q6,V$NFY_C,3.032600127,chr19:11202212-11202837-enhancer,V$EGR_Q6V$NFY_C
V$NFY_C,V$SP1_Q6_01,4.23975476,chr19:11202212-11202837-enhancer,V$NFY_CV$SP1_Q6_01
V$STAT_01,V$STAT_Q6,3.619490272,chr19:11202212-11202837-enhancer,V$STAT_01V$STAT_Q6
V$E2F1_Q4,V$NFY_01,3.372316219,chr19:11202212-11202837-enhancer,V$E2F1_Q4V$NFY_01
V$GR_Q6_01,V$NFAT_Q6,3.228955514,chr19:11202212-11202837-enhancer,V$GR_Q6_01V$NFAT_Q6
V$PU1_Q6,V$STAT6_01,3.467608671,chr19:11202212-11202837-enhancer,V$PU1_Q6V$STAT6_01
V$ELF1_Q6,V$STAT6_01,4.609391925,chr19:11202212-11202837-enhancer,V$ELF1_Q6V$STAT6_01
V$CEBP_Q2_01,V$STAT6_01,3.226452137,chr19:11202212-11202837-enhancer,V$CEBP_Q2_01V$STAT6_01
V$ETS_Q6,V$STAT6_01,4.449159041,chr19:11202212-11202837-enhancer,V$ETS_Q6V$STAT6_01
V$AP1_01,V$IRF_Q6,3.103328644,chr19:11202212-11202837-enhancer,V$AP1_01V$IRF_Q6
V$ICSBP_Q6,V$PPARA_02,3.214385015,chr19:11202212-11202837-enhancer,V$ICSBP_Q6V$PPARA_02
V$ELF1_Q6,V$PU1_Q6,3.750045871,chr19:11202212-11202837-enhancer,V$ELF1_Q6V$PU1_Q6
V$ETS_Q4,V$PU1_Q6,3.706108958,chr19:11202212-11202837-enhancer,V$ETS_Q4V$PU1_Q6
V$CEBP_Q2_01,V$PU1_Q6,3.132378552,chr19:11202212-11202837-enhancer,V$CEBP_Q2_01V$PU1_Q6
V$NFAT_Q4_01,V$PU1_Q6,4.104317256,chr19:11202212-11202837-enhancer,V$NFAT_Q4_01V$PU1_Q6
V$PR_Q2,V$PU1_Q6,3.631095516,chr19:11202212-11202837-enhancer,V$PR_Q2V$PU1_Q6
V$ETS_Q6,V$PU1_Q6,5.84861615,chr19:11202212-11202837-enhancer,V$ETS_Q6V$PU1_Q6
V$KROX_Q6,V$OSF2_Q6,3.819221393,chr19:11202212-11202837-enhancer,V$KROX_Q6V$OSF2_Q6
V$CETS168_Q6,V$GATA_Q6,4.100005694,chr19:11202212-11202837-enhancer,V$CETS168_Q6V$GATA_Q6
V$ELF1_Q6,V$PR_Q2,3.102301924,chr19:11202212-11202837-enhancer,V$ELF1_Q6V$PR_Q2
V$ETS_Q4,V$ETS_Q6,3.345817017,chr19:11202212-11202837-enhancer,V$ETS_Q4V$ETS_Q6
V$IRF_Q6_01,V$STAT_Q6,3.173387438,chr19:11202212-11202837-enhancer,V$IRF_Q6_01V$STAT_Q6
V$CREB_Q3,V$SP1_Q6_01,3.256748818,chr19:11202212-11202837-enhancer,V$CREB_Q3V$SP1_Q6_01
V$FOX_Q2,V$PEBP_Q6,3.087025191,chr19:11202212-11202837-enhancer,V$FOX_Q2V$PEBP_Q6
V$AP1_Q2_01,V$SMAD_Q6_01,3.785119472,chr19:11202212-11202837-enhancer,V$AP1_Q2_01V$SMAD_Q6_01
V$AP1_Q4_01,V$SP1_Q2_01,3.156672921,chr19:11202212-11202837-enhancer,V$AP1_Q4_01V$SP1_Q2_01
V$AP1_Q4_01,V$SMAD_Q6_01,3.103609404,chr19:11202212-11202837-enhancer,V$AP1_Q4_01V$SMAD_Q6_01
V$ETS_Q6,V$NFAT_Q4_01,3.677073697,chr19:11202212-11202837-enhancer,V$ETS_Q6V$NFAT_Q4_01
V$CMYB_01,V$ETS_Q4,3.121258409,chr22:30601535-30602099-enhancer,V$CMYB_01V$ETS_Q4
V$CMYB_01,V$GATA_Q6,4.225945451,chr22:30601535-30602099-enhancer,V$CMYB_01V$GATA_Q6
V$CETS1P54_01,V$PU1_Q6,3.477623786,chr22:30601535-30602099-enhancer,V$CETS1P54_01V$PU1_Q6
V$CREL_01,V$DR3_Q4,3.299414422,chr22:30601535-30602099-enhancer,V$CREL_01V$DR3_Q4
V$NFKB_C,V$OCT1_02,3.535567316,chr22:30601535-30602099-enhancer,V$NFKB_CV$OCT1_02
V$HNF3_Q6,V$OCT1_02,3.468186304,chr22:30601535-30602099-enhancer,V$HNF3_Q6V$OCT1_02
V$OCT1_04,V$OSF2_Q6,3.466911875,chr22:30601535-30602099-enhancer,V$OCT1_04V$OSF2_Q6
V$CEBP_Q2,V$OCT_Q6,3.502119515,chr22:30601535-30602099-enhancer,V$CEBP_Q2V$OCT_Q6
V$E2A_Q6,V$ER_Q6,3.188249381,chr22:30601535-30602099-enhancer,V$E2A_Q6V$ER_Q6
V$GR_Q6,V$SOX9_B1,3.284926893,chr22:30601535-30602099-enhancer,V$GR_Q6V$SOX9_B1
V$CETS168_Q6,V$NF1_Q6,3.272370372,chr22:30601535-30602099-enhancer,V$CETS168_Q6V$NF1_Q6
V$GATA_Q6,V$NF1_Q6,3.767308275,chr22:30601535-30602099-enhancer,V$GATA_Q6V$NF1_Q6
V$GATA_Q6,V$NFKB_Q6,3.301102207,chr22:30601535-30602099-enhancer,V$GATA_Q6V$NFKB_Q6
V$NFKB_Q6,V$PIT1_Q6,3.922453736,chr22:30601535-30602099-enhancer,V$NFKB_Q6V$PIT1_Q6
V$NFKB_Q6,V$SP1_Q4_01,3.487263865,chr22:30601535-30602099-enhancer,V$NFKB_Q6V$SP1_Q4_01
V$HNF3_Q6,V$SP1_Q6,3.392096354,chr22:30601535-30602099-enhancer,V$HNF3_Q6V$SP1_Q6
V$AP1_C,V$MYB_Q5_01,3.063006587,chr22:30601535-30602099-enhancer,V$AP1_CV$MYB_Q5_01
V$GATA_C,V$PEBP_Q6,3.2717808,chr22:30601535-30602099-enhancer,V$GATA_CV$PEBP_Q6
V$DR1_Q3,V$USF_C,3.62097497,chr22:30601535-30602099-enhancer,V$DR1_Q3V$USF_C
V$E2A_Q2,V$NFY_01,4.207310222,chr22:30601535-30602099-enhancer,V$E2A_Q2V$NFY_01
V$SF1_Q6,V$SOX9_B1,4.289003161,chr22:30601535-30602099-enhancer,V$SF1_Q6V$SOX9_B1
V$CREB_Q3,V$PU1_Q6,3.199434339,chr22:30601535-30602099-enhancer,V$CREB_Q3V$PU1_Q6
V$PU1_Q6,V$SP1_Q2_01,3.145775889,chr22:30601535-30602099-enhancer,V$PU1_Q6V$SP1_Q2_01
V$PR_Q2,V$PU1_Q6,3.109784318,chr22:30601535-30602099-enhancer,V$PR_Q2V$PU1_Q6
V$HNF3_Q6,V$OSF2_Q6,3.088815069,chr22:30601535-30602099-enhancer,V$HNF3_Q6V$OSF2_Q6
V$DR1_Q3,V$USF_Q6_01,3.198082361,chr22:30601535-30602099-enhancer,V$DR1_Q3V$USF_Q6_01
V$DR1_Q3,V$SP1_Q2_01,3.334538381,chr22:30601535-30602099-enhancer,V$DR1_Q3V$SP1_Q2_01
V$DR1_Q3,V$SMAD_Q6_01,3.24302083,chr22:30601535-30602099-enhancer,V$DR1_Q3V$SMAD_Q6_01
V$AML_Q6,V$HNF3_Q6,3.244080015,chr22:30601535-30602099-enhancer,V$AML_Q6V$HNF3_Q6
V$DR3_Q4,V$ETS_Q4,3.017007677,chr22:30601535-30602099-enhancer,V$DR3_Q4V$ETS_Q4
V$ETS_Q4,V$PEBP_Q6,3.032756895,chr22:30601535-30602099-enhancer,V$ETS_Q4V$PEBP_Q6
V$GATA_Q6,V$NF1_Q6_01,3.666705826,chr22:30601535-30602099-enhancer,V$GATA_Q6V$NF1_Q6_01
V$HNF3_Q6,V$SP1_Q6_01,3.156522799,chr22:30601535-30602099-enhancer,V$HNF3_Q6V$SP1_Q6_01
V$HNF3_Q6,V$SP1_Q4_01,3.580903583,chr22:30601535-30602099-enhancer,V$HNF3_Q6V$SP1_Q4_01
V$OCT_Q6,V$PEBP_Q6,3.713455775,chr22:30601535-30602099-enhancer,V$OCT_Q6V$PEBP_Q6
V$AP1_Q4_01,V$CREB_Q3,3.680010184,chr22:30601535-30602099-enhancer,V$AP1_Q4_01V$CREB_Q3
V$NF1_Q6_01,V$SP1_Q4_01,3.100970782,chr22:30601535-30602099-enhancer,V$NF1_Q6_01V$SP1_Q4_01
V$NF1_Q6_01,V$SP1_Q2_01,3.029574529,chr22:30601535-30602099-enhancer,V$NF1_Q6_01V$SP1_Q2_01
V$AP1_Q2_01,V$MYB_Q5_01,3.574883818,chr22:30601535-30602099-enhancer,V$AP1_Q2_01V$MYB_Q5_01
V$ELK1_02,V$ER_Q6,3.663930036,chr22:30608541-30609106-enhancer,V$ELK1_02V$ER_Q6
V$CETS1P54_01,V$ER_Q6,3.163302523,chr22:30608541-30609106-enhancer,V$CETS1P54_01V$ER_Q6
V$CETS1P54_01,V$SF1_Q6,4.784377702,chr22:30608541-30609106-enhancer,V$CETS1P54_01V$SF1_Q6
V$CREBP1CJUN_01,V$IRF_Q6,3.877368652,chr22:30608541-30609106-enhancer,V$CREBP1CJUN_01V$IRF_Q6
V$CP2_01,V$SP1_Q6,3.129876119,chr22:30608541-30609106-enhancer,V$CP2_01V$SP1_Q6
V$CP2_01,V$SREBP_Q3,3.160324622,chr22:30608541-30609106-enhancer,V$CP2_01V$SREBP_Q3
V$CEBPB_01,V$GATA_Q6,3.174894765,chr22:30608541-30609106-enhancer,V$CEBPB_01V$GATA_Q6
V$CEBPB_01,V$IRF_Q6_01,3.190513354,chr22:30608541-30609106-enhancer,V$CEBPB_01V$IRF_Q6_01
V$AP1FJ_Q2,V$AP1_Q2,3.075719247,chr22:30608541-30609106-enhancer,V$AP1FJ_Q2V$AP1_Q2
V$CREB_Q2,V$EGR_Q6,3.287532381,chr22:30608541-30609106-enhancer,V$CREB_Q2V$EGR_Q6
V$CEBP_C,V$MYB_Q6,3.472814385,chr22:30608541-30609106-enhancer,V$CEBP_CV$MYB_Q6
V$IPF1_Q4,V$MYB_Q6,3.512501569,chr22:30608541-30609106-enhancer,V$IPF1_Q4V$MYB_Q6
V$FOX_Q2,V$MYB_Q6,3.118940343,chr22:30608541-30609106-enhancer,V$FOX_Q2V$MYB_Q6
V$ER_Q6,V$PU1_Q6,3.202317577,chr22:30608541-30609106-enhancer,V$ER_Q6V$PU1_Q6
V$ER_Q6,V$NFAT_Q4_01,3.337577375,chr22:30608541-30609106-enhancer,V$ER_Q6V$NFAT_Q4_01
V$AP1_Q2_01,V$GR_Q6,3.052905769,chr22:30608541-30609106-enhancer,V$AP1_Q2_01V$GR_Q6
V$IPF1_Q4,V$LEF1_Q2,3.49725562,chr22:30608541-30609106-enhancer,V$IPF1_Q4V$LEF1_Q2
V$HIF1_Q5,V$PIT1_Q6,3.050649686,chr22:30608541-30609106-enhancer,V$HIF1_Q5V$PIT1_Q6
V$HMGIY_Q6,V$STAT6_01,4.408892297,chr22:30608541-30609106-enhancer,V$HMGIY_Q6V$STAT6_01
V$AP1_01,V$SP1_Q6_01,3.108091477,chr22:30608541-30609106-enhancer,V$AP1_01V$SP1_Q6_01
V$EFC_Q6,V$GATA_Q6,3.302809236,chr22:30608541-30609106-enhancer,V$EFC_Q6V$GATA_Q6
V$AML_Q6,V$OSF2_Q6,3.437577737,chr22:30608541-30609106-enhancer,V$AML_Q6V$OSF2_Q6
V$ELF1_Q6,V$GR_Q6_01,4.951573914,chr22:30608541-30609106-enhancer,V$ELF1_Q6V$GR_Q6_01
V$AP1_Q2_01,V$ELF1_Q6,3.115468294,chr22:30608541-30609106-enhancer,V$AP1_Q2_01V$ELF1_Q6
V$AP1_Q4_01,V$ELF1_Q6,3.196091534,chr22:30608541-30609106-enhancer,V$AP1_Q4_01V$ELF1_Q6
V$LEF1_Q2,V$PIT1_Q6,3.223746125,chr22:30608541-30609106-enhancer,V$LEF1_Q2V$PIT1_Q6
V$E2A_Q2,V$ER_Q6_02,3.456628737,chr22:30608541-30609106-enhancer,V$E2A_Q2V$ER_Q6_02
V$E2A_Q6,V$HNF4_Q6,3.497857983,chr22:30608541-30609106-enhancer,V$E2A_Q6V$HNF4_Q6
V$E2A_Q6,V$SMAD_Q6_01,3.115643899,chr22:30608541-30609106-enhancer,V$E2A_Q6V$SMAD_Q6_01
V$ELK1_02,V$GATA_C,3.166190613,chr3:125709142-125709481-enhancer,V$ELK1_02V$GATA_C
V$CETS1P54_01,V$STAT6_01,3.722663886,chr3:125709142-125709481-enhancer,V$CETS1P54_01V$STAT6_01
V$CETS1P54_01,V$PU1_Q6,3.526880959,chr3:125709142-125709481-enhancer,V$CETS1P54_01V$PU1_Q6
V$CETS1P54_01,V$HMGIY_Q6,3.72957389,chr3:125709142-125709481-enhancer,V$CETS1P54_01V$HMGIY_Q6
V$CETS1P54_01,V$ETS_Q6,3.636338185,chr3:125709142-125709481-enhancer,V$CETS1P54_01V$ETS_Q6
V$CREL_01,V$MYB_Q5_01,4.039942279,chr3:125709142-125709481-enhancer,V$CREL_01V$MYB_Q5_01
V$AP1_C,V$CEBPB_01,3.205170572,chr3:125709142-125709481-enhancer,V$AP1_CV$CEBPB_01
V$CEBPA_01,V$MYCMAX_B,3.117622302,chr3:125709142-125709481-enhancer,V$CEBPA_01V$MYCMAX_B
V$CEBPA_01,V$SP1_Q4_01,3.485824167,chr3:125709142-125709481-enhancer,V$CEBPA_01V$SP1_Q4_01
V$CEBPB_02,V$MYCMAX_B,3.566878404,chr3:125709142-125709481-enhancer,V$CEBPB_02V$MYCMAX_B
V$CEBP_Q2,V$MYCMAX_B,3.11193161,chr3:125709142-125709481-enhancer,V$CEBP_Q2V$MYCMAX_B
V$CEBP_Q2,V$SF1_Q6,3.300244928,chr3:125709142-125709481-enhancer,V$CEBP_Q2V$SF1_Q6
V$MYB_Q5_01,V$NFKB_Q6,3.579716905,chr3:125709142-125709481-enhancer,V$MYB_Q5_01V$NFKB_Q6
V$AHRHIF_Q6,V$ETS1_B,3.136675296,chr3:125709142-125709481-enhancer,V$AHRHIF_Q6V$ETS1_B
V$PPARA_02,V$SOX9_B1,3.996092262,chr3:125709142-125709481-enhancer,V$PPARA_02V$SOX9_B1
V$ETS_Q6,V$STAT6_01,3.040800162,chr3:125709142-125709481-enhancer,V$ETS_Q6V$STAT6_01
V$PEBP_Q6,V$STAT6_01,3.005207871,chr3:125709142-125709481-enhancer,V$PEBP_Q6V$STAT6_01
V$ETS_Q6,V$PU1_Q6,6.981543487,chr3:125709142-125709481-enhancer,V$ETS_Q6V$PU1_Q6
V$HMGIY_Q6,V$PEBP_Q6,3.010979896,chr3:125709142-125709481-enhancer,V$HMGIY_Q6V$PEBP_Q6
V$ETS_Q4,V$MYB_Q5_01,3.237510578,chr3:125709142-125709481-enhancer,V$ETS_Q4V$MYB_Q5_01
V$ETS_Q4,V$ETS_Q6,3.172427341,chr3:125709142-125709481-enhancer,V$ETS_Q4V$ETS_Q6
V$AP1_Q2_01,V$NFKB_Q6_01,3.161308819,chr3:125709142-125709481-enhancer,V$AP1_Q2_01V$NFKB_Q6_01
V$NFAT_Q4_01,V$SP1_Q4_01,3.477873314,chr3:125709142-125709481-enhancer,V$NFAT_Q4_01V$SP1_Q4_01
V$ETS_Q6,V$SMAD_Q6_01,4.126215261,chr3:125709142-125709481-enhancer,V$ETS_Q6V$SMAD_Q6_01
V$MAF_Q6_01,V$SMAD_Q6_01,3.65679999,chr3:125709142-125709481-enhancer,V$MAF_Q6_01V$SMAD_Q6_01
V$MYOD_01,V$SP1_Q4_01,3.209607659,chr3:171870963-171871593-enhancer,V$MYOD_01V$SP1_Q4_01
V$NFKAPPAB_01,V$VMYB_01,3.006263732,chr3:171870963-171871593-enhancer,V$NFKAPPAB_01V$VMYB_01
V$NFKB_C,V$VMYB_01,3.039434857,chr3:171870963-171871593-enhancer,V$NFKB_CV$VMYB_01
V$ELK1_02,V$GATA_Q6,3.794801887,chr3:171870963-171871593-enhancer,V$ELK1_02V$GATA_Q6
V$AP1_Q2,V$CETS1P54_01,3.390627733,chr3:171870963-171871593-enhancer,V$AP1_Q2V$CETS1P54_01
V$AP1_01,V$CETS1P54_01,3.370400808,chr3:171870963-171871593-enhancer,V$AP1_01V$CETS1P54_01
V$AP1FJ_Q2,V$CEBPB_02,3.281145111,chr3:171870963-171871593-enhancer,V$AP1FJ_Q2V$CEBPB_02
V$AP1_Q2_01,V$CEBPB_02,3.161427064,chr3:171870963-171871593-enhancer,V$AP1_Q2_01V$CEBPB_02
V$AP1FJ_Q2,V$AP1_Q6,3.33733408,chr3:171870963-171871593-enhancer,V$AP1FJ_Q2V$AP1_Q6
V$AP1FJ_Q2,V$STAT_Q6,3.305538817,chr3:171870963-171871593-enhancer,V$AP1FJ_Q2V$STAT_Q6
V$MYB_Q6,V$NFKB_Q6_01,3.030500688,chr3:171870963-171871593-enhancer,V$MYB_Q6V$NFKB_Q6_01
V$AP1_Q2_01,V$CEBP_Q2,3.366314591,chr3:171870963-171871593-enhancer,V$AP1_Q2_01V$CEBP_Q2
V$AP1_C,V$PEBP_Q6,3.01637159,chr3:171870963-171871593-enhancer,V$AP1_CV$PEBP_Q6
V$ETS1_B,V$NFAT_Q6,3.697522448,chr3:171870963-171871593-enhancer,V$ETS1_BV$NFAT_Q6
V$MYCMAX_B,V$SP1_Q4_01,3.113178729,chr3:171870963-171871593-enhancer,V$MYCMAX_BV$SP1_Q4_01
V$ETS1_B,V$LEF1TCF1_Q4,3.700302204,chr3:171870963-171871593-enhancer,V$ETS1_BV$LEF1TCF1_Q4
V$PU1_Q6,V$STAT6_01,4.976573175,chr3:171870963-171871593-enhancer,V$PU1_Q6V$STAT6_01
V$NFAT_Q4_01,V$STAT6_01,4.923493623,chr3:171870963-171871593-enhancer,V$NFAT_Q4_01V$STAT6_01
V$PR_Q2,V$STAT6_01,4.005460592,chr3:171870963-171871593-enhancer,V$PR_Q2V$STAT6_01
V$PR_Q2,V$PU1_Q6,3.822571808,chr3:171870963-171871593-enhancer,V$PR_Q2V$PU1_Q6
V$FOX_Q2,V$SF1_Q6,3.466153446,chr3:171870963-171871593-enhancer,V$FOX_Q2V$SF1_Q6
V$ELF1_Q6,V$GATA_Q6,3.391990441,chr3:171870963-171871593-enhancer,V$ELF1_Q6V$GATA_Q6
V$LEF1_Q2,V$OCT_Q6,3.222684657,chr3:171870963-171871593-enhancer,V$LEF1_Q2V$OCT_Q6
V$AP1_Q2_01,V$CREB_Q3,3.668289587,chr3:171870963-171871593-enhancer,V$AP1_Q2_01V$CREB_Q3
V$AP1_Q4_01,V$CREB_Q3,3.193398852,chr3:171870963-171871593-enhancer,V$AP1_Q4_01V$CREB_Q3
V$E2A_Q2,V$KROX_Q6,3.216934519,chr3:171870963-171871593-enhancer,V$E2A_Q2V$KROX_Q6
V$AP1_Q2_01,V$CEBP_Q2_01,3.689948087,chr3:171870963-171871593-enhancer,V$AP1_Q2_01V$CEBP_Q2_01
V$GR_Q6_01,V$PR_Q2,5.273325899,chr3:171870963-171871593-enhancer,V$GR_Q6_01V$PR_Q2
V$E2A_Q6,V$PEBP_Q6,3.057692438,chr3:171870963-171871593-enhancer,V$E2A_Q6V$PEBP_Q6
V$CETS1P54_01,V$STAT_Q6,3.041140914,chr9:131900982-131901116-enhancer,V$CETS1P54_01V$STAT_Q6
V$GRE_C,V$SP1_Q2_01,3.419709236,chr9:131900982-131901116-enhancer,V$GRE_CV$SP1_Q2_01
V$IPF1_Q4,V$OCT_C,3.029262513,chr9:131900982-131901116-enhancer,V$IPF1_Q4V$OCT_C
V$ETS1_B,V$SF1_Q6,3.651981742,chr9:131900982-131901116-enhancer,V$ETS1_BV$SF1_Q6
V$DR1_Q3,V$SF1_Q6,3.055880697,chr9:131900982-131901116-enhancer,V$DR1_Q3V$SF1_Q6
V$HNF3_Q6,V$MYOD_Q6_01,4.00337196,chr9:131900982-131901116-enhancer,V$HNF3_Q6V$MYOD_Q6_01
V$E2A_Q6,V$HNF3_Q6,3.391622651,chr9:131900982-131901116-enhancer,V$E2A_Q6V$HNF3_Q6
V$CETS1P54_01,V$PU1_Q6,5.038381421,chr9:131937094-131937487-enhancer,V$CETS1P54_01V$PU1_Q6
V$CETS168_Q6,V$CETS1P54_01,3.020227853,chr9:131937094-131937487-enhancer,V$CETS168_Q6V$CETS1P54_01
V$CETS1P54_01,V$ETS_Q6,4.732092593,chr9:131937094-131937487-enhancer,V$CETS1P54_01V$ETS_Q6
V$CETS1P54_01,V$MAF_Q6_01,3.095650794,chr9:131937094-131937487-enhancer,V$CETS1P54_01V$MAF_Q6_01
V$CREB_02,V$SMAD3_Q6,3.32926779,chr9:131937094-131937487-enhancer,V$CREB_02V$SMAD3_Q6
V$CETS168_Q6,V$HNF4_01,4.497065693,chr9:131937094-131937487-enhancer,V$CETS168_Q6V$HNF4_01
V$ETS_Q4,V$HNF4_01,3.558277576,chr9:131937094-131937487-enhancer,V$ETS_Q4V$HNF4_01
V$AP1FJ_Q2,V$CREB_Q3,3.645208896,chr9:131937094-131937487-enhancer,V$AP1FJ_Q2V$CREB_Q3
V$GRE_C,V$MAF_Q6_01,3.151316209,chr9:131937094-131937487-enhancer,V$GRE_CV$MAF_Q6_01
V$DR1_Q3,V$MYCMAX_B,3.529492983,chr9:131937094-131937487-enhancer,V$DR1_Q3V$MYCMAX_B
V$HMGIY_Q6,V$STAT6_01,3.215035263,chr9:131937094-131937487-enhancer,V$HMGIY_Q6V$STAT6_01
V$ETS_Q6,V$STAT6_01,3.652958447,chr9:131937094-131937487-enhancer,V$ETS_Q6V$STAT6_01
V$HMGIY_Q6,V$PU1_Q6,3.633582025,chr9:131937094-131937487-enhancer,V$HMGIY_Q6V$PU1_Q6
V$MYB_Q5_01,V$PU1_Q6,3.423118587,chr9:131937094-131937487-enhancer,V$MYB_Q5_01V$PU1_Q6
V$ETS_Q6,V$PU1_Q6,10.26739727,chr9:131937094-131937487-enhancer,V$ETS_Q6V$PU1_Q6
V$HMGIY_Q6,V$MYB_Q5_01,3.814695438,chr9:131937094-131937487-enhancer,V$HMGIY_Q6V$MYB_Q5_01
V$ETS_Q6,V$HMGIY_Q6,4.326372521,chr9:131937094-131937487-enhancer,V$ETS_Q6V$HMGIY_Q6
V$HMGIY_Q6,V$MAF_Q6_01,3.577163929,chr9:131937094-131937487-enhancer,V$HMGIY_Q6V$MAF_Q6_01
V$AHRHIF_Q6,V$IRF_Q6,3.043133772,chr9:131937094-131937487-enhancer,V$AHRHIF_Q6V$IRF_Q6
V$DR3_Q4,V$STAT_Q6,3.087683672,chr9:131937094-131937487-enhancer,V$DR3_Q4V$STAT_Q6
V$E2A_Q2,V$E2F_Q3_01,3.054822726,chr9:131937094-131937487-enhancer,V$E2A_Q2V$E2F_Q3_01
V$CEBP_Q2_01,V$MYB_Q5_01,3.893892083,chr9:131937094-131937487-enhancer,V$CEBP_Q2_01V$MYB_Q5_01
V$MYB_Q5_01,V$PR_Q2,3.897922782,chr9:131937094-131937487-enhancer,V$MYB_Q5_01V$PR_Q2
V$ETS_Q6,V$MYB_Q5_01,3.15852832,chr9:131937094-131937487-enhancer,V$ETS_Q6V$MYB_Q5_01
